"company","db","slug"
"2020companies","wd1","External_Careers"
"23andme","wd5","23"
"3m","wd1","Search"
"7eleven","wd3","7eleven"
"8x8inc","wd5","8x8_External_Careers"
"9dot","wd503","9Dot_Careers"
"9dot","wd503","BBF_Careers"
"9dot","wd503","OFL_Careers"
"9dot","wd503","OFY_Careers"
"9dot","wd503","PIE_Careers"
"9dot","wd503","PMG_Careers"
"9dot","wd503","PSE"
"9dot","wd503","RMPR_Careers"
"9dot","wd503","Skyrocket"
"aa","wd105","AA"
"aaamidatlantic","wd5","AAAMidAtlantic"
"aaco","wd105","AACo_Careers"
"aafp","wd5","AAFP_Careers"
"aalto","wd3","aalto"
"aamc","wd5","AAMC"
"aaregional","wd503","Search"
"aaregional","wd503","search"
"abbott","wd5","abbottcareers"
"abcfinancial","wd5","ABCFinancialServices"
"abcsupply","wd1","ABCSupplyOutdoorSolutionsCareers"
"abcsupply","wd1","ACMcareers"
"abcsupply","wd1","CanadaABCSupplyCareers"
"abcsupply","wd1","MuleHideCareers"
"abercrombie","wd108","anf"
"abglobal","wd1","abcampuscareers"
"abglobal","wd1","alliancebernsteincareers"
"absa","wd3","ABSAcareersite"
"absa","wd3","NBC_Careers"
"academy","wd1","Careers"
"academyofartuniversity","wd5","Academy_of_Art_Federal_Work_Study"
"accelentertainment","wd12","AccelEntertainment_Careers"
"accelentertainment","wd12","BulldogGamingCareers"
"accelentertainment","wd12","CenturyGamingMontanaCareers"
"accelentertainment","wd12","CenturyGamingNevadaCareers"
"accellglobal","wd103","careers"
"accelya","wd103","Careers"
"accendra","wd504","AccendraCareers"
"accenture","wd103","AccentureCareers"
"acehardware","wd1","AHHS_External"
"acehardware","wd1","AIH_External"
"acehardware","wd1","ARG_External"
"acehardware","wd1","EJDExternal"
"acehardware","wd1","External"
"acg","wd1","Careers"
"acrt","wd1","ACRT_Careers"
"acu","wd108","ACUCareers"
"acuityinternational","wd5","External"
"acushnetgolf","wd12","ACU"
"acxiomllc","wd5","AcxiomMEX"
"acxiomllc","wd5","AcxiomUSA"
"adams","wd1","ASU"
"admiralbeverage","wd5","External"
"admiralbeverage","wd5","Teton_External_Career"
"adobe","wd5","external_experienced"
"adtran","wd3","ADTRAN"
"adtran","wd3","ANS"
"adtran","wd3","OSA"
"advantech","wd3","External"
"adventhealth","wd12","AH_External_Career_Site"
"adventisthealthcare","wd1","AdventistHealthCareCareers"
"aeci","wd1","aeci"
"aep","wd1","AEPCareerSite"
"aer","wd3","aer"
"aero","wd5","External"
"aes","wd1","AES_ANDES"
"aes","wd1","AES_Andes"
"aes","wd1","AES_BRAZIL"
"aes","wd1","AES_EURASIA"
"aes","wd1","AES_MCAC"
"aes","wd1","AES_US"
"aes","wd1","aes_clean_energy"
"aesop","wd3","aesopcareers"
"afs","wd108","AFS_Career_Site"
"ag","wd3","Airbus"
"agcbio","wd5","agcbio_careers"
"agecare","wd10","AgeCare_Careers_External"
"agecare","wd10","Albus_Careers_External"
"aggreko","wd3","Aggreko_Careers_1"
"agilent","wd5","Agilent_Careers"
"agilent","wd5","Agilent_Student_Careers"
"agilitas","wd503","LMC"
"agilonhealth","wd1","External"
"agl","wd3","AGL_Recruitment"
"agloan","wd5","AmericanAgCredit"
"agoc","wd5","External"
"agp","wd12","AGP_Careers"
"agrana","wd3","Careers"
"agropur","wd3","Agropur_Careers"
"aha","wd501","AHA"
"ahri","wd3","AHRI1"
"aia","wd3","External"
"aia","wd3","amplifyhealthexternal"
"aia","wd3","external"
"aig","wd1","aig"
"aig","wd1","early_careers"
"aig","wd1","japan"
"aimco","wd10","AIMCoCareers"
"airliquidehr","wd3","AirLiquideExternalCareer"
"airliquidehr","wd3","AirgasExternalCareer"
"airproducts","wd5","AP0001"
"airproducts","wd5","AP0003"
"airtron","wd108","airtron_careers"
"ajax","wd10","Ajax"
"akumincorp","wd5","adgcareers"
"akumincorp","wd5","akumincareers"
"akumincorp","wd5","elitecareers"
"alamedacourts","wd5","alamedacourts"
"alaskacommunications","wd5","Alaska_Communications"
"albanymed","wd5","Albany_Med"
"albanymed","wd5","Albany_Med_System_Career_Site"
"albemarle","wd5","External"
"albertamotorassociation","wd3","AMA"
"alchemy","wd1","Alchemy"
"alcoa","wd5","Careers"
"alcoa","wd5","careers"
"alcon","wd5","careers_alcon"
"alcority","wd1","TraditionsHealth"
"alfalaval","wd3","Alfa_Laval_jobs"
"alfalaval","wd3","Framo_jobs"
"algonquincollege","wd3","CareerOpportunities"
"aliaserviziambientali","wd103","Multiutility_External_Career_Site"
"aliaxis","wd3","Aliaxis_APAC"
"aliaxis","wd3","Aliaxis_EMEA"
"aliaxis","wd3","Aliaxis_IndiaAshirvad1"
"aliaxis","wd3","SilverLinePlastics"
"aligneddc","wd12","aligneddc"
"alignmenthealthcare","wd12","ahc_external"
"alkami","wd12","Alkami"
"alkegen","wd5","alkegen"
"allegion","wd5","Careers_NORMBAU_Germany"
"allegion","wd5","Manufacturing_Careers"
"allegion","wd5","careers"
"allegion","wd5","careers_SimonsVoss_English"
"allegromicro","wd5","AllegroCareers"
"allens","wd3","Allens"
"alliance","wd3","nissanjobs"
"allianceground","wd1","AGI_Careers"
"alliantenergy","wd1","alliant"
"alliantenergy","wd1","travero"
"allina","wd5","External"
"allstate","wd5","Agent"
"allstate","wd5","allstate_careers"
"alphawave","wd10","Alphawave_External"
"alsacstjude","wd1","careersalsacstjude"
"alsglobal","wd103","External"
"alsglobal","wd103","Nuvisan_Careers"
"alston","wd1","DiscoveryAttorneyProfessionalCareer"
"alston","wd1","ExternalCareer"
"altaishealthsolutions","wd108","External"
"altasciences","wd1","Careers"
"altera","wd1","Altera"
"alterra","wd1","AlpineAerotech"
"alterra","wd1","ArapahoeBasin"
"alterra","wd1","BigBearMountainResort"
"alterra","wd1","BlueMountainResort"
"alterra","wd1","DeerValleyResort"
"alterra","wd1","JuneMountain"
"alterra","wd1","MammothMountain"
"alterra","wd1","MikeWiegeleHelicopterSkiing"
"alterra","wd1","PalisadesTahoe"
"alterra","wd1","Schweitzer"
"alterra","wd1","SkiButlers"
"alterra","wd1","SolitudeMountainResort"
"alterra","wd1","SugarbushResort"
"alterra","wd1","WinterParkResort"
"alteryx","wd108","AlteryxCareers"
"alto","wd1","FuzeHealthCareerSite"
"altru","wd503","careers"
"altusgroup","wd3","AltusGroup"
"alvotech","wd103","Alvotech_Careers"
"amadeus","wd502","jobs"
"amainc","wd12","AMA_Careers"
"amarillo","wd5","Amarillo_External_Career_Site"
"amat","wd1","External"
"ambarella","wd108","Ambarella"
"ambgroup","wd1","AMBSE"
"ambgroup","wd1","AMB_FF"
"ambgroup","wd1","AMB_Group"
"ambgroup","wd1","AMB_West"
"ambiententerprises","wd501","careers"
"amcn","wd5","amcnetworks"
"ameren","wd1","Collegiate"
"ameren","wd1","External"
"ameresco","wd5","Ameresco"
"american","wd1","AU"
"americancentury","wd5","AmericanCenturyInvestments"
"americancentury","wd5","AvantisCareers"
"americanglobal","wd108","American_Global_Careers"
"americanredcross","wd1","American_Red_Cross_Careers"
"americanregent","wd1","American_Regent_Careers"
"amerilife","wd5","External"
"amerilife","wd5","SaybrusExternal"
"ameriprise","wd5","Ameriprise"
"amerisbank","wd108","Ameris_Bank_Careers"
"amerivet","wd5","Amerivet"
"amgen","wd1","Careers"
"amherst","wd5","Amherst_Jobs"
"amherst","wd5","FSL_Employment_Opportunities"
"amlrightsource","wd1","amlrightsource"
"amn","wd1","AMN_Careers"
"amplify","wd1","Amplify_Careers"
"amplity","wd1","AmplityHealth"
"amynta","wd5","global"
"anaheimducks","wd5","GP"
"anaheimducks","wd5","HC"
"anaheimducks","wd5","Rinks"
"anaheimducks","wd5","SDG"
"anaheimducks","wd5","TG"
"anaheimducks","wd5","ocViBE"
"analogdevices","wd1","External"
"andersen","wd12","Andersen_External_Career_Site"
"andersonauto","wd5","External"
"andersonuniversity","wd1","AndersonUniversity"
"angc","wd5","ANGC"
"angc","wd5","Culinary_Institute_Lenore"
"angc","wd5","DCC"
"angc","wd5","HC"
"angc","wd5","HM"
"angc","wd5","LCI"
"angc","wd5","MB"
"angc","wd5","Public"
"anglefinance","wd105","Angle_Auto_Career_Opportunities"
"anglefinance","wd105","Angle_Finance_Careers"
"anglicare","wd105","Anglicare_Careers"
"ankura","wd5","Ankura"
"anokacounty","wd1","Anoka_County_Career_Opportunities"
"anselm","wd1","Anselm"
"ansira","wd1","Ansira_Careers"
"antares","wd5","antares"
"anticimexinc","wd1","Anticimex_Carolinas_External_Careers"
"anticimexinc","wd1","JP_McHale_Pest_Management_External_Careers"
"anticimexinc","wd1","Northwest_Exterminating_External_Careers"
"anticimexinc","wd1","Waynes_Pest_Control_Service_External_Careers"
"aoins","wd5","AutoOwners"
"aoins","wd5","Concord"
"aoncology","wd12","Aoncology_Careers"
"apacheip","wd1","Apache_Careers"
"apog","wd1","Apogee"
"appliedis","wd5","AIS_Careers"
"applus","wd3","applus_careers"
"applyboard","wd3","ApplyBoardNH"
"aptiv","wd5","APTIV_CAREERS"
"aptos","wd108","Aptos"
"aptos","wd108","Revionics"
"aquaamerica","wd5","Essential_Careers"
"archgroup","wd1","Careers"
"archildrens","wd1","External_Career_Site"
"arcis","wd12","extNa"
"arcticwolf","wd1","External"
"aresmgmt","wd1","External"
"argonr","wd105","External"
"arianegroup","wd3","EXTERNALALL"
"arienscompany","wd5","External"
"aristocrat","wd3","AristocratExternalCareersSite"
"aritzia","wd3","External"
"aritzia","wd3","Internships"
"arkbluecross","wd1","ABCBS_External_Careers"
"armaninollp","wd1","Armanino"
"arraytechinc","wd5","Array_Careers"
"arriva","wd3","Careers"
"artbrew","wd501","Art_Brew_Ventures"
"artbrew","wd501","Sixpoint_Brewery"
"artbrew","wd501","Southern_Tier"
"artbrew","wd501","Victory_Brewing"
"arvada","wd5","City_of_Arvada_External_Career_Site"
"ascendperformancematerials","wd1","Ascend"
"ashealthnet","wd1","ASHN"
"ashealthnet","wd1","GenesisHomeCare"
"ashealthnet","wd1","KetteringHomeCare"
"ashealthnet","wd1","MercyMedicalCenterHomeHealthandHospice"
"ashealthnet","wd1","SummaHealthatHomeandHospice"
"ashealthnet","wd1","TheChristHospitalHomeHealthCare"
"ashealthnet","wd1","TheOhioStateUniversityWexnerMedicalCenterHomeCare"
"askbio","wd12","AskBio"
"asmglobal","wd1","careers"
"aspentech","wd5","aspentech"
"aspenvalleyhealth","wd501","AVH"
"assetmark","wd5","AssetMark_Careers"
"associatedbank","wd1","external_careers"
"assuranceamerica","wd12","AssuranceAmerica"
"assurant","wd1","iSmash_External_Career_Site"
"astound","wd108","Astound_Careers"
"astrazeneca","wd3","Careers"
"asu","wd1","ASUStaffCareers"
"asuep","wd5","ASUFoundation"
"asx","wd105","ASX_Careers"
"atcllc","wd5","atcllc"
"atd","wd1","American_Tire_Distributors"
"atd","wd1","Torqata_Data_and_Analytics"
"athenahealth","wd1","External"
"athensservices","wd1","Athens_Services"
"athensservices","wd1","Drivers"
"atlantabravesmlb","wd5","AtlantaBraves"
"atlanticmedia","wd1","Careers"
"atltechnology","wd501","ATL"
"atmosenergy","wd108","External_Career_Site"
"atmosenergy","wd5","External_Career_Site"
"atriumhospitality","wd5","AtriumHospitality"
"atsg","wd108","XTIUMCareers"
"att","wd1","ATTGeneral"
"audubon","wd503","Audubon"
"aurecongroup","wd3","aurecon"
"auroragov","wd1","Careers"
"austintexas","wd5","COA_Careers"
"australiancricket","wd105","CTAS"
"australiancricket","wd105","Cricket_Australia"
"australiancricket","wd105","Queensland_Cricket"
"australiancricket","wd105","WA_Cricket"
"ausvenueco","wd105","AVC"
"autismplus","wd3","Autismplus_careers"
"autodesk","wd1","Ext"
"autodesk","wd1","uni"
"automationanywhere","wd5","AutomationAnywhereJobs"
"availity","wd1","Availity_Careers_India"
"availity","wd1","Availity_Careers_US"
"avant","wd503","External_Careers"
"avav","wd1","AVAV"
"averis","wd3","Averis"
"averis","wd3","RGE"
"averis","wd3","averis"
"avesis","wd5","Avesis"
"aveva","wd3","AVEVA_careers"
"aveva","wd3","ETAP_Careers"
"avfc","wd502","avfc_careers"
"avisbudget","wd1","Zipcar_Careers"
"aviva","wd1","Aviva_Investors_External"
"aviva","wd1","External"
"avon","wd5","NaturaCareers"
"awc","wd3","Wine_Rack_Career_Site"
"awe","wd1","Art_and_Wellness"
"awepeople","wd3","External_Careers"
"awepeople","wd3","Grad_Careers"
"awg","wd3","A1"
"awg","wd3","Spa"
"axalta","wd1","Axalta"
"axiomspace","wd5","External_Career_Site"
"axis","wd3","External_Career_Site"
"axiscapital","wd1","axiscareers"
"axos","wd5","Axos"
"azelis","wd3","Azelis_Careers"
"aztecgroup","wd103","External"
"bacr","wd501","BACR"
"bagelbrands","wd504","bagelbrands"
"bah","wd1","BAH_Jobs"
"bailliegifford","wd3","BaillieGiffordEarlyCareers"
"baincapital","wd1","External_Public"
"bakertilly","wd5","BTCareers"
"bakertilly","wd5","btcareers"
"baldwin","wd1","Baldwin"
"baldwin","wd1","MSI"
"ballardspahr","wd5","Ballard_Spahr_LLP"
"baltimorecity","wd1","EPFL_External"
"baltimorecity","wd1","External"
"bamfhealth","wd115","External"
"bankatfirst","wd1","FFB"
"bannerhealth","wd108","Careers"
"bannerhealth","wd108","sonoraquestcareers"
"barclays","wd3","External_Career_Site_Barclays"
"barings","wd1","Barings"
"barnard","wd1","Faculty"
"barnard","wd1","Staff"
"barnhillcontracting","wd503","Barnhill_Opportunities"
"barnhillcontracting","wd503","Barnhill_Trade_Opportunities"
"barnhillcontracting","wd503","CDL"
"barr","wd1","BarrCareers"
"barrywehmiller","wd1","BWCareers"
"basecamp","wd1","ECMC"
"basspro","wd1","careers"
"battlemotors","wd12","BattleMotors"
"bavariannordic","wd103","BavarianNordic"
"baystatehealth","wd12","External_Careers"
"bayware","wd3","jobsatbayware"
"bb","wd3","BlackBerry"
"bb","wd3","QNX"
"bb","wd3","Secusmart"
"bb","wd3","Student"
"bbinsurance","wd1","ArrowheadCareers"
"bbinsurance","wd1","BSGCareers"
"bbinsurance","wd1","Careers"
"bbinsurance","wd1","Careers_Europe"
"bbinsurance","wd1","ProctorCareers"
"bbva","wd3","BBVA"
"bcaa","wd3","bcaacareers"
"bcbsa","wd1","Careers"
"bcbsla","wd1","Generation_Blue"
"bcbsms","wd5","BCBSMS"
"bcbsnc","wd5","BCBSNC"
"bcbst","wd1","External"
"bcbst","wd1","ExternalBlueHorizon"
"bci","wd10","BCI_Careers"
"bcone","wd1","Bristlecone"
"bdc","wd10","BDC_Careers"
"bdgrowers","wd1","External"
"bdoau","wd105","BDOCareers"
"bdoau","wd105","BDOEarlyCareers"
"bdrthermea","wd103","External"
"bdx","wd1","embectacareers"
"beachbody","wd503","Careers"
"beautyhealth","wd12","BeautyHealthCareer"
"becu","wd1","External"
"beemok","wd5","BHC_Careers"
"beemok","wd5","Meeting_Street_Schools_"
"beemok","wd5","meeting_street_schools_"
"beigene","wd5","BeiGene"
"bellpartnersinc","wd5","Careers"
"belron","wd3","Autoglass_and_Laddaw_Careers"
"belron","wd3","Belron_Canada_Careers"
"belron","wd3","Norway_Carglass_Careers"
"belron","wd3","OBrien_AU"
"belron","wd3","Safelite_Careers"
"belron","wd3","Spain_Carglass_Careers"
"benchmark","wd1","PGH_Careers"
"benchmark","wd1","RiseUptown"
"benefis","wd1","BHS"
"berklee","wd1","BerkleeCareers"
"bernco","wd1","berncocareers"
"bernergroup","wd3","Careers_Berner_Group"
"bestbuycanada","wd3","BestBuyCA_Career"
"betmgminc","wd5","BetMGM"
"beyondmeat","wd1","External_Careers"
"bgfoods","wd1","BG_Foods_Careers"
"bhs","wd1","careers"
"biamp","wd12","Biamp"
"bigcommerce","wd12","Commerce"
"biibhr","wd3","external"
"bilh","wd1","External"
"biomarpeople","wd3","BioMar"
"biomarpeople","wd3","biomar"
"biotechne","wd5","Biotechne"
"bird","wd3","BirdConstructionCareers"
"bird","wd3","CanemCareers"
"bitsight","wd1","Bitsight"
"bjswholesaleclub","wd1","BJsCareers"
"blackline","wd108","BlackLineCareers"
"blackstone","wd1","Blackstone_Campus_Careers"
"blackstone","wd1","Blackstone_Careers"
"blackstone","wd1","Blackstone_Technology"
"bloomberg","wd1","Bloombergindustrygroup_External_Career_Site"
"bloomenergy","wd1","BloomEnergyCareers"
"blueorigin","wd5","BlueOrigin"
"blueowl","wd1","blueowl"
"bluerocktx","wd5","BlueRock_External_Careers"
"bluescopenac","wd5","BNACareers"
"bmc","wd1","BMC"
"bmc","wd1","ClearwayHealth"
"bmo","wd3","External"
"bne","wd1","BNELand"
"boarshead","wd1","BHC"
"boeing","wd1","EXTERNAL_CAREERS"
"boeing","wd1","INCL"
"boeing","wd1","TAP2"
"boliden","wd3","BolidenJobs"
"bonadio","wd503","Bonadio_Careers"
"bonterra","wd1","bonterratech"
"bonterra","wd1","ngpvan"
"booster","wd5","Booster_Careers"
"bostondynamics","wd1","Boston_Dynamics"
"bouldercolorado","wd1","External"
"bowens","wd105","TT"
"bowvalleycollege","wd10","BowValleyCollege"
"boydcorp","wd12","Boyd_Careers"
"boydgroup","wd1","boydcareers"
"boystown","wd1","boystowncareers"
"bpinternational","wd3","bpCareers"
"bracco","wd103","BraccoCareers"
"brambles","wd5","Brambles_Careers"
"brandeis","wd5","Jobs"
"braunability","wd503","ARCH_Retail_Careers"
"braunability","wd503","braunability"
"breakthrought1d","wd115","BreakthroughT1D"
"brenntag","wd3","brenntag_jobs"
"bridgeigp","wd1","BCC"
"bridgeigp","wd1","BCRE"
"bridgeigp","wd1","BIGC"
"bridgestone","wd5","External"
"bridgestone","wd5","LATAMExternalCareers"
"bridgestone","wd5","external"
"brightli","wd5","BrightliTalent"
"brilliancanada","wd3","FIVExFIVE"
"brilliancanada","wd3","Quarzo"
"brilliancanada","wd3","SSP"
"brilliancanada","wd3","ValuePRO"
"brinks","wd5","BrinksCareersUS"
"brinks","wd5","PAIExternalCareers"
"broadcom","wd1","External_Career"
"broadlawns","wd501","Broadlawns_Careers"
"broadridge","wd5","Careers"
"broadviewfcu","wd1","broadviewfcucareers"
"brocku","wd3","brocku_careers"
"bronsonhg","wd1","nursing"
"brookfield","wd5","bgre"
"brookfield","wd5","blumontannuity"
"brookfield","wd5","bpandc"
"brookfield","wd5","brookfieldproperties"
"brookfield","wd5","maymonthomes"
"brookshires","wd108","BGC"
"browardcollege","wd5","PT"
"brownadvisory","wd1","Brown"
"browserstack","wd3","External"
"brunellocucinelli","wd3","Cucinelli"
"brunswick","wd1","SearchEMEA"
"brunswick","wd1","search"
"bsu","wd12","External"
"btisolutions","wd12","External"
"bucknell","wd1","External"
"bullish","wd3","Bullish"
"bullish","wd3","CoinDesk"
"bupa","wd3","BCC_Career_Site"
"bupa","wd3","EXT_CAREER"
"busey","wd503","firstech"
"busybeesanz","wd3","1"
"caa","wd1","Careers"
"caatpension","wd10","Careers"
"cabinetworksgroup","wd1","cabinetworksgroupcareers"
"cableone","wd1","Cable_One_External_Careers"
"cadence","wd1","External_Careers"
"cadence","wd1","OpenEye_Careers"
"cadence","wd1","Univ_Careers"
"cadence","wd1","University_Talent"
"cadence","wd1","addl_jobs"
"cae","wd3","career"
"calibercollision","wd1","Protech"
"calistacorp","wd1","Calista"
"calistacorp","wd1","CalistaBrice"
"calistacorp","wd1","Yulista"
"calix","wd1","External"
"calix","wd1","ExternalInternational"
"callaghaninnovation","wd105","External"
"calpolycorporation","wd12","CalPolyPartner_External_Careers"
"calvin","wd5","CalvinUniversityCareers"
"calyx","wd1","Perceptive"
"cambiahealth","wd504","External"
"cambiahealth","wd1","External"
"cambiumlearning","wd1","Opportunities"
"cambiumlearning","wd1","camb"
"cambria","wd1","cambria_careers"
"cambridgeassociates","wd5","Cambridge_Associates"
"campaignmonitor","wd5","marigold"
"campbellsoup","wd5","ExternalCareers_GlobalSite"
"campbellsville","wd1","CU"
"canadiansolar","wd5","CanadianSolar"
"canadiantirecorporation","wd3","Enterprise_External_Careers_Site"
"canarywharf","wd103","CanaryWharf"
"cancerresearchuk","wd3","External_Careers"
"canopygrowth","wd3","Canopy_Growth_External_Career_Site"
"canvasinc","wd108","Canvas"
"capefearvalley","wd1","CFV"
"capgroup","wd1","capitalgroupcareers"
"capita","wd3","CapitaGlobal"
"capitalauto","wd3","capitalautogroupcareers"
"capitalauto","wd3","capitalfordlincolncareers"
"capitalauto","wd3","capitalgmcareersite"
"capitalauto","wd3","crestviewchrysler"
"capitalauto","wd3","renfrewchrysler"
"capitalhealth","wd1","CapitalHealthCareers"
"capitalone","wd12","Capital_One"
"capri","wd1","JimmyChooCareers"
"capri","wd1","Michael_Kors"
"carbery","wd3","Synergy_USA_External_Careers"
"carbonhealth","wd1","Careers"
"card","wd5","Search"
"cardinalhealth","wd1","EXT"
"cardinalhealth","wd1","Navista"
"cardlytics","wd5","CardlyticsExternalCareerSite"
"careabout","wd5","consensus_careers"
"careabout","wd5","mspb_careers"
"careoregon","wd12","HSO"
"carilionclinic","wd12","External_Careers"
"carleton","wd1","CarletonCareers"
"carrier","wd5","kgs_jobs"
"castandcrew","wd503","CastandCrew"
"cat","wd5","SolarTurbines"
"catalent","wd1","External"
"catalyte","wd503","catalyte"
"cba","wd3","Bankwest_Careers"
"cba","wd3","CommBank_Careers"
"cbecompanies","wd1","CBEcompanies"
"cbgoc","wd3","cb"
"cbgoc","wd3","cbci"
"cbgoc","wd3","ns"
"cbh","wd12","CherryBekaert"
"cbh","wd12","CherryBekaertEarlyCareers"
"cbrands","wd5","CBI_External_Careers"
"cc","wd3","ChanelCareers"
"cca","wd5","CCA"
"cca","wd5","CCA_YPCE"
"ccc","wd5","ccc_External"
"cccis","wd1","broadbean_external"
"ccf","wd1","ClevelandClinicCareers"
"ccf","wd1","ClevelandClinicCareersUK"
"ccfs","wd503","External_Career_Site"
"ccg","wd503","CORE"
"ccitc","wd1","Marathon_County_Careers"
"ccrcca","wd1","Careers"
"cdfh","wd3","External"
"cecentertainment","wd5","CEC_Careers"
"cecentertainment","wd5","Peter_Piper_Pizza_Careers"
"ceh","wd3","CEH_Careers"
"celltrionhealthcare","wd3","celltrionglobal"
"cemstone","wd1","tccmaterialscareers"
"cengage","wd5","CengageEMEACareers"
"cengage","wd5","CengageIndiaCareers"
"cengage","wd5","CengageLATAMBrazilCareers"
"cengage","wd5","CengageLATAMCareersSPN"
"cengage","wd5","CengageNorthAmericaCareers"
"cenovus","wd3","careers"
"centene","wd5","Centene_External"
"centerstone","wd5","CenterstoneCareers"
"centier","wd501","centierbankcareers"
"centific","wd1","Centific_Global"
"centralparknyc","wd12","Central_Park_Conservancy"
"centricsoftware","wd501","Centric"
"centrify","wd1","External"
"cerberus","wd1","CerberusCareers"
"cerence","wd5","Cerence"
"ceritypartners","wd12","ceritypartnerscareers"
"cerved","wd3","Cerved"
"cgg","wd103","DeRegtcareers"
"cgg","wd103","geocompcareers"
"cgg","wd103","sercelcareer"
"cgg","wd103","viridiengraduate"
"cgm","wd3","cgm"
"chamberlain","wd1","Chamberlain_Group"
"chamberlain","wd1","Systems_LLC"
"chaptershealth","wd5","carenujobs"
"chaptershealth","wd5","jobs"
"chaptershealth","wd5","securjobs"
"charlottenc","wd12","citgov"
"chartermfg","wd5","Charter_Careers"
"chas","wd1","DesertSage"
"chatham","wd12","ChathamUniversity"
"chatham","wd12","ChathamUniversityStudent"
"cheo","wd10","External_Site"
"chess","wd1","CNMJOBS"
"chess","wd1","LCCJobs"
"chess","wd1","NNMCJobs"
"chess","wd1","SFCC"
"chess","wd1","SJC"
"chess","wd1","nnmcjobs"
"chess","wd1","sfcc"
"chesterfield","wd5","CCPS1"
"chevron","wd5","jobs"
"chfs","wd12","CHFS"
"chfs","wd12","chfs"
"chg","wd5","CAN_External_Career_Site"
"chg","wd5","US_External_Career_Site"
"chghealthcare","wd1","External"
"childrensinstitute","wd5","CII"
"childrensnational","wd108","CN_Careers"
"childrensplace","wd1","TCP01"
"childrensplace","wd1","TCP04"
"childrensplace","wd1","TCP05"
"choicehotels","wd5","External"
"choicehotels","wd5","HotelExternal"
"christies","wd3","Christies_Careers"
"christmanco","wd108","careers"
"chrobinson","wd5","CHRobinson"
"chukchansigold","wd503","cgrccareers"
"churchs","wd1","Field"
"cibc","wd3","campus"
"cibc","wd3","search"
"ciena","wd5","Careers"
"cigna","wd5","cignacareers"
"cineplex","wd3","Cineplex"
"cip","wd103","CIPFS_Careers"
"cip","wd103","CIP_MT"
"cip","wd103","CIP_TT"
"circlek","wd3","CircleKStoreJobs"
"circles","wd103","Circles"
"cirichlandwa","wd12","COR"
"cisco","wd5","Cisco_Careers"
"cisecurity","wd1","CIS_External_Career_Site"
"cisive","wd108","Cisive"
"citi","wd5","2"
"citicclsa","wd3","External"
"citjpl","wd5","Jobs"
"city","wd1","CFM"
"city","wd1","CityUS"
"cityofgainesville","wd5","Careers"
"cityofgalveston","wd12","CityofGalvestonTexasCareers"
"cityoforlando","wd5","CityofOrlandoCareers"
"cityofvancouver","wd5","COV"
"cityofventura","wd5","CityofVentura"
"claires","wd12","Claires"
"clarioclinical","wd1","clarioclinical_careers"
"clarionhg","wd3","Clarion_External_Careers"
"clarios","wd5","clarioscareers"
"clarivate","wd3","Clarivate_Careers"
"clark","wd503","Altura"
"clark","wd503","ShirleyExternal"
"clark","wd503","altura"
"clarkcountywashington","wd1","ClarkCountyJobs"
"clarknuber","wd503","ClarkNuberCareers"
"claycountybcc","wd1","External_Careers"
"claytonhomes","wd1","21stMortgage"
"claytonhomes","wd1","21stmortgage"
"claytonhomes","wd1","Arbor"
"claytonhomes","wd1","Brohn"
"claytonhomes","wd1","ClaytonCareers"
"claytonhomes","wd1","Goodall"
"claytonhomes","wd1","HomeFirst"
"claytonhomes","wd1","Mungo"
"claytonhomes","wd1","Oakwood"
"claytonhomes","wd1","Silverton"
"claytonhomes","wd1","Vanderbilt"
"claytonhomes","wd1","arbor"
"claytonutz","wd3","Claytonutz1"
"clearchanneloutdoor","wd5","CCO"
"clearesult","wd1","CLEAResult_External_Careers"
"clearskyhealth","wd1","CSH"
"clearskyhealth","wd1","csh"
"cloudera","wd5","External_Career"
"clr","wd5","CLR_Careers"
"clr","wd5","College_Recruiting"
"cmegroup","wd1","cme_careers"
"cmh","wd1","CMH"
"cmu","wd115","SEI"
"cngholdingsinc","wd5","CNG"
"cni","wd503","CNI"
"cnx","wd1","external_global"
"coaction","wd1","Coaction"
"cochlear","wd3","Cochlear_Careers"
"coffeeandbagelbrands","wd1","coffeeandbagelbrands"
"cogeco","wd3","Cogeco_Careers"
"cognosante","wd1","Cognosantecareers"
"cohenco","wd108","CC"
"colby","wd5","ColbyCareers"
"colemanwm","wd1","Coleman_Careers"
"collaborative","wd1","Collaborative_Solutions"
"collaborative","wd1","CollegeGrads"
"collectorsuniverse","wd1","collectors"
"collegeboard","wd1","Careers"
"collegeboreal","wd3","CB"
"collin","wd1","ExternalFacultyCareerSite"
"collin","wd1","ExternalStaffCareerSite"
"columbiabank","wd108","Columbia"
"columbiasportswearcompany","wd5","CSC_Careers"
"columbiasportswearcompany","wd5","DistributionCenters"
"columbiasportswearcompany","wd5","SOREL_Careers"
"columbiasportswearcompany","wd5","retail"
"columbusairports","wd1","Columbus_Airports1"
"comade","wd103","CoMade_External"
"comcast","wd115","Comcast_Careers"
"comcast","wd5","Comcast_Careers"
"comfortsystemsusa","wd1","AtlanticElectric_Careers"
"comfortsystemsusa","wd1","CSUSAKY"
"comfortsystemsusa","wd1","CUSASW"
"comfortsystemsusa","wd1","Corpcareers"
"comfortsystemsusa","wd1","Design_Mechanical"
"comfortsystemsusa","wd1","ESolutions"
"comfortsystemsusa","wd1","Edwards"
"comfortsystemsusa","wd1","Intermountain"
"comfortsystemsusa","wd1","Ivey"
"comfortsystemsusa","wd1","MidSouth"
"comfortsystemsusa","wd1","Riddleberger"
"comfortsystemsusa","wd1","SNW_Careers"
"comfortsystemsusa","wd1","StarrElectric"
"comfortsystemsusa","wd1","TempRight"
"comfortsystemsusa","wd1","airsystems"
"communitybrands","wd1","Momentive_External_Careers"
"compassion","wd5","CompassionCareers"
"comporium","wd1","Comporium_Careers"
"conagrabrands","wd1","Careers_CAN"
"connect","wd1","ztsystemscareers"
"connexuscu","wd1","ConnexusCareers"
"connorgp","wd12","CG"
"convatec","wd1","180Medical"
"convatec","wd1","180medical"
"convive","wd12","Lepainquotidien"
"convive","wd12","Littlebeet"
"cookchildrens","wd1","Cook_Childrens_Careers"
"cooley","wd1","Cooley_Brussels_LLP"
"cooley","wd1","Cooley_CN_LLP"
"cooley","wd1","Cooley_UK_LLP"
"coorstek","wd1","CoorsTekCareers"
"coorstek","wd1","CoorsTekCareersEMEA"
"copart","wd12","Copart"
"copeland","wd5","Copeland_External_Careers_Page"
"corebridgefinancial","wd1","CorebridgeFinancial"
"corebridgefinancial","wd1","early_careers"
"corebridgefinancial","wd1","laya"
"corelab","wd12","CLB"
"corepoweryoga","wd501","CorePowerYoga"
"cornell","wd1","CCECareerPage"
"cornell","wd1","CornellCareerPage"
"corpartners","wd5","COR"
"corpartners","wd5","EngleMartin"
"corpartners","wd5","Envista"
"corpartners","wd5","Synergy"
"corpay","wd103","Ext_001"
"corrohealth","wd1","Corro"
"corrohealth","wd1","CorroHealthIndia"
"corrohealth","wd1","Virtix"
"costar","wd1","CoStarCareers"
"costjohnsfl","wd12","SJCBoardofCountyCommissioners"
"cotality","wd115","Global"
"countryfinancial","wd5","COUNTRYCorporateExternal"
"coveainsurance","wd3","covea_external"
"coverys","wd1","External_Site"
"coverys","wd1","Med_IQ"
"covestro","wd3","cov_external"
"covetrus","wd5","CovetrusCareers"
"coxhealth","wd5","CoxHealth_External"
"coyote","wd5","coyotecareers"
"cpalliance","wd3","CerebralPalsyAlliance"
"cpsi","wd1","CPSI"
"cranecompany","wd5","Careers"
"creationtech","wd1","Creation"
"creditacceptance","wd5","Credit_Acceptance"
"crhc","wd1","ConcordHospitalProviders"
"crhc","wd1","Concord_Careers"
"cromwell","wd3","01"
"crosscountrymortgage","wd1","CCMCareers"
"crossroadstreatmentcenters","wd1","Crossroads"
"crowdstrike","wd5","crowdstrikecareers"
"crownholdings","wd501","CrownHoldings"
"crownresorts","wd3","crown_careers"
"cryoport","wd12","external"
"crystalsugar","wd501","crystalcareers"
"csagroup","wd3","csagroup"
"cscc","wd1","CSCC_ext"
"csdautismservices","wd108","CSD_Careers"
"csgi","wd5","CSGCareers"
"csiweb","wd1","CSI_Careers"
"csl","wd1","CSL_External"
"csusystem","wd12","fortcollins_careers"
"csusystem","wd12","pueblo_careers"
"cubic","wd1","cubic_USA_careers"
"cumminggroup","wd1","CGC"
"cumminggroup","wd1","LeftField"
"curriculumassociates","wd5","External"
"curtisswright","wd1","CW_External_Career_Site"
"customink","wd5","CustomInk"
"cvshealth","wd1","CVS_Health_Careers"
"cw","wd1","CWServices"
"cw","wd1","External"
"cwi","wd1","CW_Careers"
"cyracom","wd1","CyraComMX"
"cyracom","wd1","US_CyraCom_Careers"
"dallascityhall","wd5","CODCareers"
"dallascollege","wd1","Dallas_College_Careers"
"dallascollege","wd1","WorkStudy"
"damen","wd3","Damen_Careers"
"darktrace","wd3","DarktaceExternal"
"dataminr","wd12","Dataminr"
"datasite","wd1","datasite"
"daveandbusters","wd1","Dave_and_Busters_Careers"
"daveandbusters","wd1","Main_Event_Careers"
"davidlloyd","wd3","101"
"dayone","wd102","external"
"db","wd3","DBWebsite"
"db","wd3","DWSWebsite"
"dbs","wd3","DBS_Careers"
"dcsd","wd5","DCSD"
"ddcdine","wd501","DDC_Careers"
"dedalus","wd3","External"
"deepwater","wd1","AustraliaExternalCareerSite"
"deepwater","wd1","BrazilExternalCareerSite"
"deepwater","wd1","GlobalExternalCareerSite"
"deepwater","wd1","MexicoExternalCareerSite"
"deepwater","wd1","NorwayExternalCareerSite"
"dell","wd1","External"
"deloitteie","wd3","Early_Careers"
"deloitteie","wd3","Experienced_Professionals"
"deloitteie","wd3","experienced_professionals"
"dentsuaegis","wd3","DAN_GLOBAL"
"depauw","wd5","DePauw_University"
"derivaenergy","wd501","Careers"
"deseretmanagement","wd1","BonDenver"
"deseretmanagement","wd1","BonPhoenix"
"deseretmanagement","wd1","BonSF"
"deseretmanagement","wd1","BonSacramento"
"deseretmanagement","wd1","BonSaltLake"
"deseretmanagement","wd1","BonSeattle"
"deseretmanagement","wd1","Boncom"
"deseretmanagement","wd1","DeseretBook"
"deseretmanagement","wd1","DeseretDigitalMedia"
"deseretmanagement","wd1","DeseretNews"
"deseretmanagement","wd1","TempleSquareHospitality"
"deseretmanagement","wd1","deseretnews"
"desjardins","wd10","Desjardins"
"destinationpet","wd5","DPEC"
"destinationpet","wd5","Yourgi"
"devoted","wd1","Devoted"
"devoted","wd1","devoted"
"diageo","wd3","Diageo_Careers"
"dickinson","wd108","Jobs"
"dickssportinggoods","wd1","DSG"
"diconium","wd3","diconium"
"digitalturbine","wd501","Digital_Turbine_External_Careers"
"dimensional","wd5","DFA_Careers"
"dinebrands","wd503","DineCareers"
"dinebrands","wd503","RestaurantCareerSite"
"diptyqueparis","wd103","DiptyqueCareers"
"discoverylandco","wd5","DLC"
"disney","wd5","disneycareer"
"distributionnow","wd5","DNOW_Careers"
"djeholdings","wd5","RUTHCareers"
"djeholdings","wd5","ZenoCareers"
"dlapiper","wd1","dlapiper"
"dodgeandcox","wd5","Dodgecox"
"dollartree","wd5","dollartreeca"
"donaldson","wd115","DonaldsonCareers"
"doterra","wd1","doTERRACareers"
"dover","wd103","Dover"
"dow","wd1","ExternalCareers"
"dowjones","wd1","New_York_Post_Careers"
"dowjones","wd1","News_Corp_Australia_Careers"
"dowjones","wd1","News_Corp_Careers"
"dowjones","wd1","News_Fund_Careers"
"draper","wd5","Draper_Careers"
"dreamscaperio","wd5","Rio_Careers"
"drinkpak","wd503","DrinkPAK"
"driscoll","wd1","DHS"
"dssmith","wd3","careers"
"dtna","wd5","DTNA_external"
"duboischemicals","wd1","External"
"dukeenergy","wd1","Search"
"dukeenergy","wd1","search"
"dulyhealthandcare","wd1","Duly"
"dulyhealthandcare","wd1","QMG"
"dulyhealthandcare","wd1","SBC"
"dxctechnology","wd1","ASJobs"
"dxctechnology","wd1","DXCJobs"
"dynata","wd108","callcenter"
"dynata","wd108","careers"
"earlywarning","wd5","earlywarningcareers"
"easterseals","wd5","ESNH_VTcareers"
"ebi","wd5","afbcareers"
"ebi","wd5","ebadcareers"
"ebi","wd5","ebicareers"
"ebi","wd5","envirologixcareers"
"ebnhc","wd1","EBNHC"
"echo","wd1","roadtex"
"ecolab","wd1","Ecolab_External"
"ecu","wd12","Everwise_Careers"
"edsi","wd108","EDSI"
"educationbrands","wd501","Careers"
"educationbrands","wd501","UK_Careers"
"edwards","wd5","EdwardsCareers"
"edwards","wd5","edwardscareers"
"eisenhower","wd1","Eisenhower_Careers"
"elanco","wd5","External_Career"
"elementfleet","wd3","External_Career_Site"
"elevancehealth","wd1","carelonglobal_in"
"elevancehealth","wd1","carelonglobal_ph"
"elkay","wd1","China_All_Jobs_External_Career_Site"
"elkay","wd1","Elkay_External"
"ellsworth","wd108","ellsworth_careers"
"embl","wd103","EMBL"
"embryriddle","wd1","AdjunctFacultyOpportunities"
"embryriddle","wd1","External"
"emcins","wd5","EMC_Careers"
"emcins","wd5","emc_careers"
"emergentcoldlatam","wd12","external"
"emerysapp","wd501","AGC"
"emerysapp","wd501","RUM"
"eml","wd105","EML"
"employeeownedbrands","wd501","Apache_Stainless"
"employeeownedbrands","wd501","Blue_Kangaroo"
"employeeownedbrands","wd501","Century_Laundry"
"employeeownedbrands","wd501","Crystal"
"employeeownedbrands","wd501","Dexter_Financial"
"employeeownedbrands","wd501","Dexter_Laundry"
"employeeownedbrands","wd501","Dexter_Services"
"employeeownedbrands","wd501","Employee_Owned_Brands"
"employeeownedbrands","wd501","Laundry_One"
"employeeownedbrands","wd501","Leer_Carroll_Operations"
"employeeownedbrands","wd501","Leer_New_Lisbon_Operations"
"enbridge","wd3","enbridge_careers"
"endemolshine","wd3","EndemolShine_UK_Jobs"
"endicott","wd1","Endicott"
"endo","wd1","Paladin"
"endurance","wd103","SompoInternational"
"energynorthwest","wd1","External"
"eng","wd3","ExternalCareers"
"enhsa","wd115","Duet1"
"enhsa","wd115","ENOAv1"
"enovis","wd5","enovis"
"ensemblehp","wd5","EnsembleHealthPartnersCareers"
"ensign","wd1","AlamitosWestHealthandRehabCareerSite"
"ensign","wd1","AltaMesaCareerSite"
"ensign","wd1","AltaVistaRehabCareerSite"
"ensign","wd1","ArborGlenCareCenterCareerSite"
"ensign","wd1","ArborPlaceCareerSite"
"ensign","wd1","ArrowheadSpringsCareerSite"
"ensign","wd1","ArroyoVistaNursingCenterCareerSite"
"ensign","wd1","AspenHealthandWellnessCareerSite"
"ensign","wd1","AtchisonSeniorVillageCareerSite"
"ensign","wd1","AtlanticMemorialCareerSite"
"ensign","wd1","BainbridgeCareerSite"
"ensign","wd1","BeachsideCareerSite"
"ensign","wd1","BeaconHarborCareerSite"
"ensign","wd1","BeatriceHealthCareerSite"
"ensign","wd1","BelmontTerraceCareerSite"
"ensign","wd1","BennettHillsCareerSite"
"ensign","wd1","BrightonCareerSite"
"ensign","wd1","BroadwayVillaCareerSite"
"ensign","wd1","BroadwaybytheSeaCareerSite"
"ensign","wd1","BrodieRanchNursingandRehabCenterCareerSite"
"ensign","wd1","BrookfieldHealthcareCenterCareerSite"
"ensign","wd1","BrooksideHealthcareCareerSite"
"ensign","wd1","BusyBeesPlayhouseCareerSite"
"ensign","wd1","CamarilloHealthcareCareerSite"
"ensign","wd1","CambridgeHealthCenterCareerSite"
"ensign","wd1","CamelbackCareerSite"
"ensign","wd1","CaminoHealthcareCareerPage"
"ensign","wd1","CasasAdobesCareerSite"
"ensign","wd1","CedarHealthandRehabCareerSite"
"ensign","wd1","ChampionsHealthcareALCareerSite"
"ensign","wd1","ChampionsHealthcareatWillowbrookCareerSite"
"ensign","wd1","ChandlerCareerSite"
"ensign","wd1","ChateauDesMonsCareerSite"
"ensign","wd1","CitadelCareerSite"
"ensign","wd1","CitrusHeightsCareerSite"
"ensign","wd1","CityCreekCareerSite"
"ensign","wd1","CityParkCareerSite"
"ensign","wd1","CloverdaleHealthcareCareerSite"
"ensign","wd1","ColonialManorCareerSite"
"ensign","wd1","CompassCareerSite"
"ensign","wd1","CopperfieldHealthcareandRehabilitationCareerSite"
"ensign","wd1","CoralDesertRehabCareerSite"
"ensign","wd1","CourtyardCACareerSite"
"ensign","wd1","CreeksideCareerSite"
"ensign","wd1","CreekviewHealthandRehabilitationCareerSite"
"ensign","wd1","CrestwoodHealthandRehabilitationCenterCareerSite"
"ensign","wd1","DanvilleCareerSite"
"ensign","wd1","DesertBlossomCareerSite"
"ensign","wd1","DesertMountainCareerSite"
"ensign","wd1","DesertTerraceCareerSite"
"ensign","wd1","DiscoveryCareerSite"
"ensign","wd1","DraperRehabCareerSite"
"ensign","wd1","EastViewHealthcareCareerSite"
"ensign","wd1","EdgewaterCareerSite"
"ensign","wd1","EnglewoodCareerSite"
"ensign","wd1","EstrellaCareerSite"
"ensign","wd1","FairfieldCareerSite"
"ensign","wd1","FallsCityNursingCareerSite"
"ensign","wd1","FoothillsTransitionalCareCareerSite"
"ensign","wd1","FortDodgeHealthCareerSite"
"ensign","wd1","FountainHillsCareerSite"
"ensign","wd1","FrontierValleyCareerSite"
"ensign","wd1","GardenViewCareerSite"
"ensign","wd1","GatewayTransitionalCareerSite"
"ensign","wd1","GoldenAcresCareerSite"
"ensign","wd1","GoldenPalmsRehabCareerSite"
"ensign","wd1","GrandTerraceHealthCareerSite"
"ensign","wd1","GreentreeHealthandRehabCareerSite"
"ensign","wd1","HCRColoradoSpringsCareerSite"
"ensign","wd1","HampdenHillsCareerSite"
"ensign","wd1","HarrisonPointeHealthcareCareerSite"
"ensign","wd1","HearthstoneHealthandRehabCareerSite"
"ensign","wd1","HeritageCourtCareerSite"
"ensign","wd1","HeritageGardensRehabCareerSite"
"ensign","wd1","HillcrestHealthCareCareerSite"
"ensign","wd1","HillsideVillageCareerSite"
"ensign","wd1","HolladayHealthcareCareerSite"
"ensign","wd1","HollyHeightsCareandRehabCareerSite"
"ensign","wd1","HorizonCareerSite"
"ensign","wd1","HuntersPondRehabilitationandHealthcareCareerSite"
"ensign","wd1","HurricaneHealthandRehabCareerSite"
"ensign","wd1","IrondaleCareerSite"
"ensign","wd1","JuliaTempleCareerSite"
"ensign","wd1","KellerOaksHealthcareCenterCareerSite"
"ensign","wd1","KeystoneRidgePostAcuteCareerSite"
"ensign","wd1","KirkwoodManorCareerSite"
"ensign","wd1","LaCanadaCareerSite"
"ensign","wd1","LakePleasantCareerSite"
"ensign","wd1","LakeVillageNursingCareerSite"
"ensign","wd1","LasVentanasdeSocorroCareerSite"
"ensign","wd1","LegacyParkHealthCareerSite"
"ensign","wd1","LegacyRehabCareerSite"
"ensign","wd1","LegendEnnisCareerSite"
"ensign","wd1","LegendGarlandCareerSite"
"ensign","wd1","LegendGreenvilleCareerSite"
"ensign","wd1","LegendKyleCareerSite"
"ensign","wd1","LegendNewBraunfelsCareerSite"
"ensign","wd1","LegendNorthAustinCareerSite"
"ensign","wd1","LegendSouthSanAntonioCareerSite"
"ensign","wd1","LegendWestRehabCareerSite"
"ensign","wd1","LemonGroveCareerSite"
"ensign","wd1","LosArcosdelNorteCareCenterCareerSite"
"ensign","wd1","MainplacePostAcuteCareerSite"
"ensign","wd1","MallardCreekTherapyCareerSite"
"ensign","wd1","MalleyCareerSite"
"ensign","wd1","MapletonCareerSite"
"ensign","wd1","MarianwoodHealthandRehabCareerSite"
"ensign","wd1","MasonCreekTransitionalCareofKatyCareerSite"
"ensign","wd1","McAllenTransitionalCareCareerSite"
"ensign","wd1","McCallCareerSite"
"ensign","wd1","McKinneyHealthcareandRehabCareerSite"
"ensign","wd1","MeadowbrookHealthcareCareerSite"
"ensign","wd1","MedallionPostAcuteCareerSite"
"ensign","wd1","MidlothianHealthcareCenterCareerSite"
"ensign","wd1","MillenniumCareerSite"
"ensign","wd1","MiraVistaCareerSite"
"ensign","wd1","MissionCareCareerSite"
"ensign","wd1","MissionHillsPostAcuteCareerSite"
"ensign","wd1","MissionPalmsCareerSite"
"ensign","wd1","MistyWillowCareerSite"
"ensign","wd1","MonteVistaHillsCareerSite"
"ensign","wd1","MountainViewCareCareerSite"
"ensign","wd1","MountainViewRehabCareerSite"
"ensign","wd1","MtAngelHealthandRehabCareerSite"
"ensign","wd1","MtOgdenHealthandRehabCareerSite"
"ensign","wd1","MysticParkNursingandRehabCenterCareerSite"
"ensign","wd1","NorthMountainCareerSite"
"ensign","wd1","NorthbrookHealthcareCareerSite"
"ensign","wd1","NortheastRehabCareerSite"
"ensign","wd1","NorthernOaksLivingCareerSite"
"ensign","wd1","OakHarborCareerSite"
"ensign","wd1","OakViewCareerSite"
"ensign","wd1","OaksatLakewoodCareerSite"
"ensign","wd1","OaksatTimberlineCareerSite"
"ensign","wd1","OakwoodCareandRehabCareerSite"
"ensign","wd1","OlympiaCareerSite"
"ensign","wd1","OnionCreekNursingandRehabCenterCareerSite"
"ensign","wd1","OpusCareerSite"
"ensign","wd1","OsbornCareerSite"
"ensign","wd1","OwyheeCareerSite"
"ensign","wd1","PacificCareCareerSite"
"ensign","wd1","PacificGardensCareerSite"
"ensign","wd1","PacificHavenSubacuteCareerSite"
"ensign","wd1","PalmTerraceHealthcareRehabCenterCareerSite"
"ensign","wd1","PalomarVistaHealthcareCenterCareerSite"
"ensign","wd1","ParamountHealthandRehabCareerSite"
"ensign","wd1","ParkManorBeeCaveCareerSite"
"ensign","wd1","ParkViewPostAcuteCareerSite"
"ensign","wd1","ParkVillageCareerSite"
"ensign","wd1","ParkeViewCareerSite"
"ensign","wd1","ParkerPostAcuteCareerSite"
"ensign","wd1","ParklaneWestCareerSite"
"ensign","wd1","ParksideHealthandWellnessCareerSite"
"ensign","wd1","PecanValleyRehabCareerSite"
"ensign","wd1","PinnacleNursingandRehabCareerSite"
"ensign","wd1","PleasantManorHealthcareandRehabCareerSite"
"ensign","wd1","PointeMeadowsCareerSite"
"ensign","wd1","PolarisTransitionalCareCareerSite"
"ensign","wd1","PremierCareCenterCareerSite"
"ensign","wd1","ProvidencePlaceCareCareerSite"
"ensign","wd1","ProvoRehabCareerSite"
"ensign","wd1","PuebloSpringsCareerSite"
"ensign","wd1","RainierCareerSite"
"ensign","wd1","RedmondCareerSite"
"ensign","wd1","RidgeviewCareerSite"
"ensign","wd1","RiverParkPostAcuteCareerSite"
"ensign","wd1","RiverPointeofTrinityCareerSite"
"ensign","wd1","RiverbendPostAcuteCareerSite"
"ensign","wd1","RiversEdgeCareerSite"
"ensign","wd1","RockCanyonCareerSite"
"ensign","wd1","RockCreekofOttawaCareerSite"
"ensign","wd1","RockHillCareerSite"
"ensign","wd1","RoseVillaHealthcareCenterCareerSite"
"ensign","wd1","RosewoodCareerSite"
"ensign","wd1","RowlettHealthandRehabilitationCareerSite"
"ensign","wd1","SNPCareerSite"
"ensign","wd1","SabinoCanyonCareerSite"
"ensign","wd1","SanMarcosCareCareerSite"
"ensign","wd1","SanPedroManorCareerSite"
"ensign","wd1","SavannahNursingandRehabCareerSite"
"ensign","wd1","ShawneePARCCareersite"
"ensign","wd1","SheaPARCCareerSite"
"ensign","wd1","ShorelineHealthandRehabCareerSite"
"ensign","wd1","ShorelineHealthcareCareerSite"
"ensign","wd1","SloansLakeCareerSite"
"ensign","wd1","SomersetSubAcuteCareerSite"
"ensign","wd1","SonterraHealthCenterCareerSite"
"ensign","wd1","SouthBayPostAcuteCareerSite"
"ensign","wd1","SouthHillRehabCareerSite"
"ensign","wd1","SouthValleyCareerSite"
"ensign","wd1","SouthlandRehabCareerSite"
"ensign","wd1","StElizabethRehabCareerSite"
"ensign","wd1","StGeorgeRehabCareerSite"
"ensign","wd1","StJosephMarianCenterCareerSite"
"ensign","wd1","StJosephVillaCareerSite"
"ensign","wd1","StJosephsRehabCareerSite"
"ensign","wd1","StonehengeofOgden"
"ensign","wd1","StonehengeofSouthJordanCareerSite"
"ensign","wd1","SummerfieldHealthcareCareerSite"
"ensign","wd1","SunviewCareerSite"
"ensign","wd1","SunwestCareerSite"
"ensign","wd1","SurpriseCareerSite"
"ensign","wd1","TempePostAcuteCareerSite"
"ensign","wd1","TempleViewCareerSite"
"ensign","wd1","TheCoveLaJollaCareerSite"
"ensign","wd1","TheEdenofLasColinasCareerSite"
"ensign","wd1","TheGarrisonCareerSite"
"ensign","wd1","TheGroveCareandWellnessCareerSite"
"ensign","wd1","TheHealthCenteratResearchParkCareerSite"
"ensign","wd1","TheHealthcareCenteratPatriotHeightsCareerSite"
"ensign","wd1","TheHealthcareResortofKansasCityCareerSite"
"ensign","wd1","TheHealthcareResortofLeawoodCareerSite"
"ensign","wd1","TheHealthcareResortofOlatheCareerSite"
"ensign","wd1","TheHealthcareResortofPlanoCareerSite"
"ensign","wd1","TheHillsPostActeCareerSite"
"ensign","wd1","TheOrchardPostAcuteCareCareerSite"
"ensign","wd1","ThePhoenixPostAcuteCareerSite"
"ensign","wd1","TheReserveCareerSite"
"ensign","wd1","TheSpringsLaJollaCareerSite"
"ensign","wd1","TheSpringsatStAndrewsVillageCareerSite"
"ensign","wd1","TheTerraceatMtOgdenCareerSite"
"ensign","wd1","TheVillagesofDallasCareerSite"
"ensign","wd1","TimberSpringsCareerSite"
"ensign","wd1","TreasureHillsCareerSite"
"ensign","wd1","TrucareLivingCentersColumbusCareerSite"
"ensign","wd1","TurlockCareerSite"
"ensign","wd1","TurlockResCareerSite"
"ensign","wd1","UkiahPostAcuteCareerSite"
"ensign","wd1","UplandRehabandCareCareerSite"
"ensign","wd1","VIstaknollCareersite"
"ensign","wd1","ValleyOfTheMoonCareerSite"
"ensign","wd1","VerandaRehabCareerSite"
"ensign","wd1","VictoriaCareCenterCareerSite"
"ensign","wd1","VictoriaHealthcareCenterCareerSite"
"ensign","wd1","VictoriaPostAcuteCareerSite"
"ensign","wd1","VictoryEMSCareerSite"
"ensign","wd1","VillaMariaPostAcuteCareerSite"
"ensign","wd1","VillaMariaRecoveryCareerSite"
"ensign","wd1","VillageRehabCenterCareerSite"
"ensign","wd1","VillasatRockCanyonCareerSite"
"ensign","wd1","VillasatSunnyAcresCareerSite"
"ensign","wd1","VintageFaireCareerSite"
"ensign","wd1","WatertonCareerSite"
"ensign","wd1","WayneCountryViewCareCareerSite"
"ensign","wd1","WellingtonRehabCareerSite"
"ensign","wd1","WellparkHealthCareerSite"
"ensign","wd1","WellspringsofGilbertCareerSite"
"ensign","wd1","WestBendCareerSite"
"ensign","wd1","WestOaksNursingandRehabCenterCareerSite"
"ensign","wd1","WestparkRehabandLivingCareerSite"
"ensign","wd1","WestwoodNursingandRehabCareerSite"
"ensign","wd1","WhittierHillsHealthcareCenterCareerCenter"
"ensign","wd1","WillowBendCareerSite"
"ensign","wd1","WisteriaPlaceLivingCareerSite"
"ensign","wd1","frontiervalleyCareerSite"
"entandallergy","wd501","Careers"
"entegris","wd1","EntegrisCareers"
"entrust","wd1","EntrustCareers"
"envista","wd1","envistacareers"
"eosaus","wd105","EOS_External_Career_Site"
"eosenergystorage","wd1","EoS"
"eosgroup","wd3","amcm"
"eosgroup","wd3","eos"
"epicorsoftware","wd5","epicorjobs"
"epicstaffinggroup","wd1","Epic_Careers"
"epiqsystems","wd503","Epiq_Careers"
"equifax","wd5","External"
"equiniti","wd3","Opportunities"
"equinix","wd1","External"
"equinor","wd3","EQNR"
"equitylifestyleproperties","wd5","ELS"
"eriks","wd3","Careers"
"erm","wd3","ERM_Careers"
"esab","wd5","esabcareers"
"eset","wd3","ESET_External"
"esf","wd102","ESF"
"essc","wd501","ESSC_Careers"
"essentiahealth","wd1","Essentia_Health"
"essity","wd3","Go_Grad_Job_Opportunities"
"essity","wd3","HMS_Job_Opportunities"
"essity","wd3","Job_opportunities"
"esswd","wd501","External"
"estiahealth","wd105","Estia_Health_Careers"
"etch","wd5","ETCH"
"etsy","wd5","Etsy_Careers"
"europcar","wd103","EuropcarCareerPage"
"eventimgroup","wd3","kps"
"evercommerce","wd1","EverCommerce_Careers"
"evolent","wd1","External"
"evonik","wd3","External_Careers"
"evotecgroup","wd3","evotec_career_site"
"evs","wd108","evsengineeringcareers"
"exactcare","wd1","AnewHealth_Career_Site"
"exactsciences","wd1","Exact_Sciences"
"exclusivenetworks","wd103","Cloudrise"
"expedia","wd108","search"
"extendicare","wd10","Extendicare2023"
"extendicare","wd10","Paramed2023"
"factset","wd108","FactSetCareers"
"faef","wd12","FAEF_External_Careers"
"fairstone","wd3","FairstoneCareers"
"faithtechnologies","wd1","FTI"
"faithtechnologies","wd1","FTI_Electrician"
"faithtechnologies","wd1","FTI_Engineering"
"faithtechnologies","wd1","FTI_Intern"
"faithtechnologies","wd1","FTI_Manufacturing"
"faithtechnologies","wd1","FTI_Office"
"farmerfocus","wd5","FarmerFocus"
"faro","wd1","FARO"
"fastretailing","wd3","graduates_au_Uniqlo"
"fastretailing","wd3","graduates_eu_Uniqlo"
"fastretailing","wd3","graduates_hk_Theory"
"fastretailing","wd3","graduates_hkm_Uniqlo"
"fastretailing","wd3","headquarter_roles_au_Uniqlo"
"fastretailing","wd3","headquarter_roles_india_Uniqlo"
"fastretailing","wd3","headquarter_roles_vn_Uniqlo"
"fastretailing","wd3","headquarters_cn_FastRetailing"
"fastretailing","wd3","headquarters_hk_GU"
"fastretailing","wd3","headquarters_hk_Theory"
"fastretailing","wd3","headquarters_hkm_Uniqlo"
"fastretailing","wd3","headquarters_id_Uniqlo"
"fastretailing","wd3","headquarters_my_Uniqlo"
"fastretailing","wd3","headquarters_ph_Uniqlo"
"fastretailing","wd3","headquarters_sg_Uniqlo"
"fastretailing","wd3","headquarters_th_Uniqlo"
"fastretailing","wd3","headquarters_us_FastRetailing"
"fastretailing","wd3","headquarters_us_GU"
"fastretailing","wd3","headquarters_us_Uniqlo"
"fastretailing","wd3","headquarters_useu_JBrand"
"fastretailing","wd3","retail_us_GU"
"fastretailing","wd3","retail_us_Theory"
"fastretailing","wd3","retail_us_Uniqlo"
"fastretailing","wd3","store_staff_au_Uniqlo"
"fastretailing","wd3","store_staff_eu_Uniqlo"
"fastretailing","wd3","store_staff_hk_Theory"
"fastretailing","wd3","store_staff_my_Uniqlo"
"fau","wd1","FAU"
"fca","wd3","FCA_Careers"
"fca","wd3","FCA_earlycareers"
"fccenvironmental","wd12","FCC_Environmental_Services"
"fcm","wd10","fcm"
"fcm","wd10","gmf"
"feam","wd12","FEAM_AERO"
"fenwick","wd1","Fenwick_External_Careers"
"ferguson","wd1","Ferguson_Experienced"
"ferguson","wd1","MILRP"
"fermilab","wd5","FermilabCareers"
"ferring","wd3","Ferring"
"ffd","wd1","EmploymentOpportunities"
"ffive","wd5","f5jobs"
"ffres","wd1","fairfieldcareers"
"fgcu","wd5","eaglejobs"
"fhcsd","wd1","DOC"
"fhcsd","wd1","VOL"
"fhi","wd1","FHI_360_External_Career_Portal"
"fhiworks","wd1","FHI"
"fhiworks","wd1","fhi"
"fhlbny","wd1","FHLBNY"
"fhlbtopeka","wd1","FHLBT"
"fhsu","wd503","CAREERS"
"fib","wd1","FIBCareers"
"fico","wd1","External"
"fico","wd1","external"
"fieracapital","wd3","Career"
"fifththird","wd5","53careers"
"fifththird","wd5","Dividendcareers"
"fifththird","wd5","Providecareers"
"fil","wd3","fidelitycanada"
"fimc","wd1","Fairway_Careers"
"financialombudsman","wd3","FinancialOmbudsmanService"
"finastra","wd3","FINC"
"findlay","wd5","careers"
"finning","wd3","External"
"finra","wd1","FINRA"
"firstadvantage","wd5","FirstAdvantage"
"firstam","wd1","faicareers"
"firstam","wd1","fctcareers"
"firstam","wd1","firstamericancareers"
"firstam","wd1","wdcareers"
"firstnational","wd12","fnbocareers"
"firstnational","wd12","fntscareers"
"firstnational","wd12","northlandcareers"
"firstpremier","wd503","PREMIER_Careers"
"firstquality","wd5","FEMPRO"
"firstquality","wd5","FIRSTQUALITY"
"firstrand","wd3","FRB"
"firstrand","wd3","UnbrandedExtCareers"
"fiserv","wd5","EXT"
"fivebelow","wd1","fivebelowcareers"
"flagshipinc","wd5","flagshipinc"
"flcancer","wd1","FLCancer_Careers"
"fleetpride","wd1","fleetpridecareer"
"flexerasoftware","wd1","FlexeraSoftware"
"flexerasoftware","wd1","prosperops"
"flexerasoftware","wd1","revenera"
"flextronics","wd1","Anord_Mardix_Careers"
"flextronics","wd1","Careers"
"flextronics","wd1","Crown_Careers"
"flg","wd105","BAR"
"flg","wd105","FF"
"flg","wd105","FLG"
"flg","wd105","GLHC"
"flg","wd105","JNZ"
"flg","wd105","ZAP"
"flinders","wd3","flinders_employment"
"flir","wd1","flircareers"
"floridatech","wd5","FloridaTechCareers"
"flsmidth","wd3","FLS_Global"
"flvs","wd1","FLVS_Jobs"
"flybreeze","wd503","Breeze_Airways"
"flyhigh","wd501","ravncareers"
"fmc","wd12","FMC"
"fnbcorp","wd501","FNBCORP"
"fnz","wd3","fnz_careers"
"fogo","wd5","Fogo"
"folkehjelp","wd103","NPA_Career"
"fondsftq","wd10","sitecarriere_externe"
"fordfoundation","wd1","FordFoundationCareerPage"
"formulaone","wd3","F1"
"forrester","wd501","careers"
"fortlewiscollege","wd1","FLC"
"fortress","wd503","Careers"
"fourseasons","wd3","search"
"fox","wd1","FOXTVST_EAST"
"foxfactory","wd1","FOX"
"fph","wd3","FGEN_Career"
"fph","wd3","PiEnergyCareers"
"fractal","wd1","Careers"
"fractal","wd1","careers"
"francescas","wd1","Distribution_Center_Opportunities"
"francescas","wd1","Field_Leadership"
"francescas","wd1","Field_Opportunities"
"francescas","wd1","Home_Office_Opportunities"
"freese","wd1","Freese_Nichols_External"
"freseniusglobal","wd3","FK_Careers"
"freseniusmedicalcare","wd3","fme"
"freshfields","wd3","FBD_101"
"fronius","wd3","Job_Board"
"frontiereconomics","wd3","Frontier_Economics_Careers"
"ft","wd3","FT_Chinese_External_Careers"
"fujifilm","wd3","FFME_HCME_CS"
"fujifilm","wd3","Regional_External_Career"
"fujifilmdiosynth","wd3","External"
"fullsteam","wd1","External"
"fultonhogan","wd3","Fultonhogan"
"fvtc","wd1","FVTC"
"gables","wd5","Gables_Careers"
"gadventures","wd3","GAdventures"
"gafsgi","wd5","GAF_Careers"
"gafsgi","wd5","SGI_Careers"
"gafsgi","wd5","Siplast_Careers"
"gafsgi","wd5","Standard_Careers"
"gafsgi","wd5","Standardlogistics_Careers"
"gaig","wd1","GAIG_External"
"gaig","wd1","Great_American_Custom_External"
"gaig","wd1","National_Interstate_External"
"gaig","wd1","Republic_Indemnity_External"
"gaig","wd1","Summit_External"
"gaig","wd1","Vanliner_External"
"galderma","wd3","External"
"galileo","wd3","TAI_career_site"
"galileo","wd3","akad_career_site"
"galileo","wd3","domus_academy_career_site"
"galileo","wd3","european_university_cyprus_career_site"
"galileo","wd3","ieu_mexico_career_site"
"galileo","wd3","ipeth_mexico_career_site"
"galileo","wd3","istituto_marangoni_career_site"
"galileo","wd3","naba_career_site"
"galileo","wd3","senegal_career_site"
"galvestoncountytx","wd503","CountyofGalvestonCareers"
"gam","wd3","GAM"
"gandwukeurope","wd3","Freightliner"
"gandwukeurope","wd3","Pentalver"
"gandwukeurope","wd3","freightliner"
"gapinc","wd1","GAPINC"
"garrigues","wd103","Garrigues_Talento"
"gategroup","wd3","GateGroup_External_Careers"
"gatesfoundation","wd1","Gates"
"gatesfoundation","wd1","GatesAgOne"
"gatesfoundation","wd1","GatesMRI"
"gbmc","wd1","gbmc"
"gcaa","wd3","HVO_Careers"
"gcatx","wd5","Careers"
"gcu","wd1","GCU"
"gcu","wd1","GCUC"
"gcu","wd1","Orbis"
"gdit","wd5","External_Career_Site"
"gdit","wd5","GDIT_EarlyTalent"
"gdit","wd5","SkillBridge"
"gea","wd3","GEACareers"
"geha","wd5","GEHACareers"
"gehc","wd5","GEHC_ExternalSite"
"geico","wd1","External"
"geisinger","wd5","GeisingerVolunteer"
"gen","wd1","careers"
"generac","wd5","External"
"generaliespana","wd3","Generali_Portal_Externo"
"generalmotors","wd5","Careers_GM"
"genesishcs","wd1","GenesisHCS"
"genesys","wd1","Genesys"
"genevausa","wd5","CareersAtGeneva"
"genmills","wd1","GMI_External_Careers"
"genpact","wd108","External_Careers"
"gensler","wd1","genslercareers"
"gentex","wd5","Gentex"
"gentoogroup","wd3","Gentoo_External"
"georgesinc","wd5","JoinGeorges"
"georgetown","wd1","Georgetown_Admin_Careers"
"georgetown","wd1","Georgetown_Hoya_Staffing"
"georgetown","wd1","Georgetown_Qatar_Careers"
"georgfischer","wd103","GeorgFischer_Careers"
"getec","wd103","External_Careers"
"gevernova","wd5","Vernova_ExternalSite"
"gfs","wd5","freshstartfoods"
"gfs","wd5","halperns"
"gfs","wd5","intercitypackers"
"gfs","wd5","salescareers"
"gfs","wd5","unitedtrimen"
"ghc","wd1","Framebridge_Careers"
"ghc","wd1","GRAD_SBA_Careers"
"ghc","wd1","KLG_Careers"
"ghc","wd1","Kaplan_Careers"
"ghc","wd1","Kaplan_International_Careers"
"ghc","wd1","Kaplan_Teach"
"gia","wd1","GIA"
"gici","wd5","Careers"
"gici","wd5","IllinoisCareers"
"gide","wd103","GIDE"
"gilead","wd1","gileadcareers"
"gilead","wd1","kitepharmacareers"
"giorgiglobal","wd3","canpack"
"gladstone","wd503","careers"
"globalblue","wd3","External"
"globalfoundries","wd1","External"
"globalhr","wd5","REC_RTX_Ext_Gateway"
"globalswitch","wd103","External_Careers"
"globe","wd3","GLB_Careers"
"globe","wd3","Mynt"
"globusmedical","wd5","BBA_Careers"
"globusmedical","wd5","GMED_Careers"
"globusmedical","wd5","NCS_Careers"
"globusmedical","wd5","NML_Careers"
"glwater","wd108","Careers"
"gn","wd3","AudigyCareers"
"gn","wd3","BeltoneCareers"
"gn","wd3","BeltoneIndependentlyOwned"
"gn","wd3","JabraCareers"
"gn","wd3","ReSoundCareers"
"gn","wd3","SteelSeriesCareers"
"gn","wd3","beltonecareers"
"gn","wd3","resoundCareers"
"gnw","wd1","Enact_MI"
"gnw","wd1","GNW"
"gobeacon","wd1","beaconmobilitycareers"
"goddardenterprisesltd","wd5","goddardenteterprisesltd"
"godirect","wd5","voya_jobs"
"goldenent","wd501","ArizonaCharliesCareers"
"goldenent","wd501","TheSTRATcareers"
"golimitless","wd1","Staff_External_career_site"
"goodlifefitness","wd3","Careers"
"goodrx","wd1","careers"
"goodwillmiddletn","wd5","goodwill"
"goodwinprocter","wd5","Co_op_External_Careers"
"goodwinprocter","wd5","External_Careers"
"goodyear","wd1","GoodyearCareers"
"gorbel","wd501","gorbelcareers"
"gormanusa","wd501","Gorman"
"goto","wd5","GoToCareers"
"goto","wd5","gotocareers"
"goucher","wd1","Goucher_Careers"
"gpcom","wd501","GPC"
"grammy","wd5","The_Recording_Academy_Career_Site"
"granite","wd1","careers"
"graybar","wd1","Cape_Careers"
"graybar","wd1","Careers"
"graybar","wd1","Steven_Careers"
"graybar","wd1","Valin_Careers"
"grda","wd12","External"
"greatamerica","wd12","greatamericacareers"
"greathearts","wd503","GreatHearts_Careers"
"greenheckgroup","wd5","External"
"greenheckgroup","wd5","external"
"greif","wd5","Greif"
"greyco","wd108","GTI"
"greyco","wd108","HHAD"
"greystar","wd1","colrich"
"groendyke","wd5","GTI"
"groundworks","wd1","FRSCareers"
"groundworks","wd1","Groundworks"
"groundworks","wd1","alpha"
"groupon","wd5","jobs"
"grpr","wd3","palace_jobs"
"gsk","wd5","ViiV_Careers"
"gsknch","wd3","GSKCareers"
"gsma","wd3","External_Careers"
"gtlaw","wd1","GTLAW"
"gtt","wd3","external"
"guardianpharmacy","wd5","Guardian_Pharmacy"
"guestservices","wd5","GSI"
"guggenheim","wd1","Guggenheim_Careers"
"guggenheim","wd1","Guggenheim_Careers_Campus"
"guggenheim","wd1","Guggenheim_Partners"
"guggenheim","wd1","Guggenheim_Undergraduate_Programs"
"guidestone","wd1","GuideStone"
"guilford","wd1","Guilford_Careers"
"guillevin","wd3","BSS"
"guillevin","wd3","DUBO"
"guillevin","wd3","EWEL"
"guillevin","wd3","NCS"
"guillevin","wd3","STELLAR"
"gulfportenergy","wd5","GPOR_Career_Site"
"gvsu","wd1","careers"
"gxs","wd3","GX_Bank"
"habitat","wd12","Consultants"
"habitat","wd12","External"
"haemonetics","wd5","HAE"
"hagerty","wd5","hagerty"
"haier","wd3","FPA_External_Career_Site"
"haier","wd3","FPT_External_Career_Site"
"haier","wd3","GE_Appliances"
"haier","wd3","HaierEurope_Professional_Careers"
"haier","wd3","Haier_Europe_UKI_Careers"
"haihospitality","wd12","UchiRestaurants"
"halma","wd3","Halma"
"hamiltoncountyindiana","wd1","Careers"
"hamline","wd5","Default_Career_Site"
"hamline","wd5","Faculty_Career_Site"
"hammondcare","wd105","External_Careers"
"hanoverresearch","wd5","HanoverResearch"
"harbourvest","wd5","HVP"
"harcros","wd501","EXT"
"hargreaveslansdown","wd3","HargreavesLansdown"
"hargroveepc","wd12","Hargrove_Careers"
"hargroveepc","wd12","Tormod_Careers"
"harmonyseniorservices","wd108","Harmony_Careers"
"harris","wd108","HarrisCompanyCareers"
"harriscomputer","wd3","Affinity"
"harriscomputer","wd3","Altera"
"harriscomputer","wd3","HOPEM"
"harriscomputer","wd3","HarrisGovern"
"harriscomputer","wd3","Hopem"
"harriscomputer","wd3","Picis"
"harriscomputer","wd3","S_and_S"
"harriscomputer","wd3","TR"
"harriscomputer","wd3","gtechna"
"harvestroad","wd105","HIGCareers"
"harvestroad","wd105","HRGCareers"
"haynesboone","wd503","HaynesandBoone"
"hcf","wd105","HCF_External_Career_Site"
"hcfl","wd1","hcjobs"
"hcmportal","wd5","Search"
"hcsc","wd1","HCSC_CareAllies"
"hcsc","wd1","HCSC_External"
"hcsc","wd1","HCSC_External_Dearborn"
"hcsc","wd1","HCSC_LuminareHealth"
"hcso","wd1","External"
"healthcare","wd1","Search"
"healthcarerealty","wd501","External_Career_Site"
"healthcatalyst","wd5","healthcatalystcareers"
"healthresearch","wd1","HRI_Careers"
"heartlandhomeservices","wd5","Classic_Aire_Care"
"heartlandhomeservices","wd5","GreenBox"
"heartlandhomeservices","wd5","HomeComfort"
"heartlandhomeservices","wd5","LakesHeatingandAir"
"heartlandhomeservices","wd5","Masters"
"heartlandhomeservices","wd5","RandazzoHC"
"heartlandhomeservices","wd5","RobinAire"
"heartlandhomeservices","wd5","SuperiorDrain"
"heartlandhomeservices","wd5","Vredevoogd"
"hebrewseniorlife","wd501","HebrewSeniorLifeCareers"
"heidelberg","wd502","careersHEIDELBERG"
"heidelbergmaterials","wd3","Global_HM_Career_Site"
"heidelbergmaterials","wd3","Heidelberg_Materials_UK_career_site"
"heidelbergmaterials","wd3","Hymix_Australia_Careers"
"heidelbergmaterials","wd3","Traino_Group_Careers"
"heidrick","wd1","heidrickandstruggles"
"heinz","wd1","KraftHeinz_Careers"
"helios","wd501","External"
"hempel","wd3","hempelcareers"
"hendrick","wd5","HMSCareers"
"hendrick","wd5","HendrickCareers"
"hendricks","wd1","Hendricks_External_Career_Site"
"henryschein","wd1","External_Careers"
"heritagecommercecorp","wd108","HeritageBankCareers"
"hffoodsgroup","wd5","HFFoodsCareers"
"hfsc","wd503","Careers"
"hhc","wd5","HHC"
"hhmi","wd1","External"
"hhs","wd12","HHS1HourlyJobs"
"hhs","wd12","HHS1Jobs"
"highridgemedical","wd503","HRMCareers"
"hillenbrand","wd3","Global"
"hindscountyms","wd1","HindsCareers"
"hiscox","wd3","Hiscox_External_Site"
"hitachi","wd1","hitachi"
"hkex","wd3","HKEXCareerPage"
"hksinc","wd501","HKSCareers"
"hksinc","wd501","HKSStudent"
"hksinc","wd501","ROAM"
"hl","wd1","Campus"
"hlb","wd3","HLBCareers"
"hmfp","wd5","HMFP"
"hoganlovells","wd3","Search"
"holmanautogroup","wd1","HolmanEnterprisesCareers"
"homeequitybank","wd10","HEB_Careers"
"honesthealth","wd503","HonestHealth"
"hoopp","wd10","HOOPP"
"hoopp","wd10","HOOPPStudent"
"horizonmedia","wd1","CareerOpportunities"
"hornbeckoffshore","wd5","Hornbeck"
"hospicecom","wd5","Compassus"
"hospicecom","wd5","Volunteer"
"hosthotels","wd5","HostHotels"
"howard","wd1","HU"
"howdenjoinerylimited","wd103","howdenscareers"
"hp","wd5","ExternalCareerSite"
"hpe","wd5","Jobsathpe"
"hpinc","wd5","HPINC"
"hpinc","wd5","hpinc"
"hq","wd12","Securian_External"
"hrhs","wd1","Careers"
"hrone","wd1","Pam_Transport"
"hrone","wd1","TRG"
"hrone","wd1","ambassador_bridge_external"
"hrone","wd1","hercules_holdings_external"
"hti","wd501","hti"
"huhtamaki","wd103","DirectsExternal"
"huhtamaki","wd103","External"
"humana","wd5","Humana_External_Career_Site"
"hummingbird","wd1","hummingbird"
"huntington","wd12","HNBcareers"
"huntingtonlibrary","wd1","HuntingtonCareers"
"huntsman","wd1","Huntsman"
"huron","wd1","huroncareers"
"husqvarnagroup","wd3","External_Career_Site"
"hydroottawa","wd3","envari_ottawa_careersite"
"hydroottawa","wd3","hydro_ottawa_careersite"
"hydroottawa","wd3","portage_power_careersite"
"hylant","wd503","Hylant"
"hyperiongrp","wd3","Hyperion_External"
"hyperiongrp","wd3","hyperion_external"
"hytt","wd5","Highway_Transport"
"hyvee","wd1","DDFoodsCareers"
"hyvee","wd1","DollarFresh"
"hyvee","wd1","FDICareers"
"hyvee","wd1","HyVeeCareers"
"hyvee","wd1","MidwestHeritageCareers"
"hyvee","wd1","PDICareers"
"hyvee","wd1","VividClearRxCareers"
"ia","wd3","Professional_US"
"iaggbs","wd103","GTI"
"iaggbs","wd103","IAGGBS"
"iberdrola","wd3","Iberdrola"
"icg","wd3","external_careers"
"ich","wd1","ICS_Clinical_Profesionals"
"ich","wd1","ICS_admin_pros"
"icmarc","wd108","MissionSquare"
"ico","wd3","ICO"
"idahopowercompany","wd1","External"
"idexcorp","wd5","IDEX_Careers"
"idexcorp","wd5","iPEK"
"idmcompanies","wd1","idmexternalcareersite"
"ielfreight","wd1","external"
"if","wd3","Careers"
"iff","wd5","IFF_Careers"
"ifg","wd1","KH"
"ig","wd103","EXT_IG"
"iheartmedia","wd5","External_iHM"
"iheartmedia","wd5","iHM_Creative_Site"
"iheartmedia","wd5","iHM_Internships_Site"
"iheartmedia","wd5","iHM_PartTime_Site"
"iheartmedia","wd5","iHM_Sales_Site"
"iherb","wd5","Careers"
"iko","wd3","IKO_Careers"
"iko","wd3","PRC_Careers"
"iko","wd3","Roofmart_Careers"
"ilitch","wd5","ODM"
"illuminateusa","wd503","Illuminate_Careers"
"imf","wd5","IMF"
"imh","wd108","IntermountainCareers"
"immatics","wd3","Immatics_External"
"immatics","wd3","immatics_us"
"impactps","wd501","Impact_Public_Schools_External_Careers"
"imperativelogistics","wd5","ILG"
"imtt","wd5","IMTT"
"inalfa","wd3","InalfaCareers"
"inari","wd108","Inari_Careers"
"independencepetgroup","wd12","Careers"
"independencepetgroup","wd12","Embrace"
"independencepetgroup","wd12","PetsBest"
"independencepetgroup","wd12","careers"
"indivior","wd3","Indivior"
"infios","wd502","Infios"
"infobip","wd3","InfobipCareers"
"ingredion","wd1","IngredionCareers"
"inizio","wd3","Ashfield_Canada"
"inizio","wd3","CSO"
"inlandimaging","wd5","Nuvodia_Careers"
"inmar","wd1","inmarcareers"
"innovateuk","wd3","innovateukcareers"
"insbrk","wd5","One80Careers"
"insbrk","wd5","RSCareers"
"insitu","wd1","Careers"
"insulet","wd5","insuletcareers"
"intapp","wd1","Intapp"
"integer","wd1","External"
"integralads","wd1","IAScareers"
"integraldiagnostics","wd105","IDX_Careers"
"integritymarketing","wd1","Lionstreet"
"integritymarketing","wd1","connexionpoint"
"integritymarketing","wd1","iasadmin"
"intelcomgroup","wd3","Dragonfly_Career_Site_AUS"
"intelcomgroup","wd3","Intelcom"
"interac","wd3","Interac"
"interdigital","wd5","InterDigital_Career"
"interdigital","wd5","InterDigital_Intern"
"interface","wd1","interface"
"interfacesystems","wd5","InterfaceSystemsCareers"
"internationalschools","wd3","ISPCareers"
"interpublic","wd5","OMC"
"intervarsity","wd1","InterVarsity_Press_Careers"
"intervarsity","wd1","intervarsitychristianfellowshipcareers"
"intownsuites","wd503","Intown_careers"
"intuitive","wd1","irtc_careers"
"invenergyllc","wd1","invenergycareers"
"invenergyllc","wd1","invenergyllc"
"invenergyllc","wd1","invenergyservices"
"invesco","wd1","IVZ"
"invesco","wd1","IVZearlycareers"
"invisors","wd503","External"
"ioaging","wd12","IOA"
"ipas","wd5","Ipas"
"iqvia","wd1","IQVIA"
"irhythmtech","wd5","irhythm"
"irsc","wd5","External"
"irvingoil","wd3","IOLCareers_RefineryOperationsandEngineers"
"isc","wd10","ISC"
"isc","wd10","isc"
"islamicreliefcanada","wd3","Islamic_Relief_Canada"
"issgovernance","wd1","ISScareers"
"isu","wd1","IowaStateJobs"
"ivyrehab","wd5","Ivy_Rehab"
"ivytech","wd1","Ivy_Tech_Careers"
"jackson","wd1","Jackson_Careers"
"jacksongov","wd5","COJ"
"jacksongov","wd5","Court"
"jacksonlewis","wd1","JacksonLewisLawyerCareers"
"jas","wd1","jascareers"
"jbtm","wd108","JBT_Marel_Career_Site"
"jcorp","wd102","JCORP"
"jcrew","wd1","JCrewCareers"
"jcrew","wd1","MadewellCareers"
"jd","wd103","Campus_Career_Site"
"jda","wd5","JDA_Careers"
"jdgroupnam","wd1","HSPDC"
"jdgroupnam","wd1","JDFL_CC_DC_Careers"
"jdgroupnam","wd1","JDFL_Corporate_Careers"
"jdgroupnam","wd1","JDFL_Store_Careers"
"jdgroupnam","wd1","Shoe_Palace_Career_Site"
"jefferson","wd5","External"
"jeffersonhealth","wd5","ThomasJeffersonExternal"
"jiostar","wd102","JioStar"
"jj","wd5","JJ"
"jjc","wd1","JJCHR"
"jll","wd1","jllcareers"
"jll","wd1","jllcareerschina"
"jll","wd1","lasallecareers"
"jm","wd103","External"
"jmfamily","wd1","JMFamily_External"
"johngore","wd1","Careers"
"johnsonbrothers","wd5","7STREET"
"jotun","wd3","Jotun_careers"
"jrjnet","wd5","JC"
"juliusbaer","wd3","External"
"jupitermed","wd1","External"
"justfab","wd1","fabletics"
"justfab","wd1","justfab"
"kaishaservice","wd1","GreenMetalsCareers"
"kaishaservice","wd1","ToyotaTsushoAmerica"
"kaleris","wd501","kaleris_careers"
"kantar","wd3","KANTAR"
"kantar","wd3","KANTARAD"
"kantar","wd3","KANTARBDCD"
"kantar","wd3","KANTARCF"
"kantar","wd3","KANTAREL"
"kantar","wd3","KANTARO"
"kantar","wd3","KANTARPD"
"kantar","wd3","KANTARR"
"kantar","wd3","KANTARSC"
"kantar","wd3","KANTART"
"kardex","wd103","Kardex"
"kauai","wd1","Kauai_External_Career_Site"
"kaweahhealth","wd1","Careers"
"kbi","wd5","Kontoor"
"kbi","wd5","Lee_USA_Careers"
"kbi","wd5","Wrangler_USCA_Careers"
"kbr","wd5","HomeSafe_Careers"
"kbr","wd5","KBR_Careers"
"kcura","wd1","External_Career_Site"
"kemper","wd5","Kemper_Careers"
"kencogroup","wd12","Kenco"
"kengarff","wd1","Arivo_External_Site"
"keppel","wd3","KeppelCareers"
"kering","wd3","Kering"
"keybank","wd5","External_Career_Site"
"keyera","wd10","Keyera_Careers"
"kidsii","wd1","KidsII_Career_Site"
"kimberlyclark","wd1","GLOBAL"
"kimberlyclark","wd1","NA"
"kimberlyclark","wd1","global"
"kiolbassa","wd501","Career"
"kiongroup","wd3","KION_SCS"
"kissusa","wd12","KISS_Careers_External"
"kla","wd1","AnnArbor"
"kla","wd1","Search"
"kla","wd1","UR"
"kmkp","wd1","TPGCareers"
"kmkp","wd1","careers"
"knightfrank","wd103","KF"
"kobrekim","wd1","KobreKim_Attorney_External_Careers"
"kobrekim","wd1","KobreKim_Careers"
"kobrekim","wd1","KobreKim_Litigation_Assistant_External_Careers"
"kohls","wd504","kohlscareers"
"kone","wd3","Careers"
"koppers","wd5","Koppers"
"krgroup","wd3","KR_Group"
"ksb","wd3","KSB_ExternalCareerSite"
"ksbe","wd1","External"
"ksmcpa","wd12","KSMCareers"
"kukio","wd115","Kukio"
"kwm","wd105","careers_kwm"
"kyndryl","wd5","ISMCareers"
"kyndryl","wd5","KyndrylEarlyCareers"
"kyndryl","wd5","KyndrylProfessionalCareers"
"landmarkproperties","wd12","Landmark_Careers"
"landolakes","wd1","Members"
"langara","wd10","External_Employment_Opportunities"
"languageline","wd5","HAS_Careers"
"languageline","wd5","LLS_Careers"
"largo","wd1","external"
"latitudefinancial","wd3","careers"
"lazboy","wd1","joybirdcareers"
"lbg","wd3","Graduate_careers"
"lbg","wd3","LBG_Careers"
"lbg","wd3","Lloyds_Technology_Centre"
"lbg","wd3","lbg_Careers"
"lcbo","wd3","LCBOCareerSite"
"learfield","wd5","Amplify"
"learfield","wd5","CLC"
"learfield","wd5","Learfield"
"learfield","wd5","Paciolan"
"lego","wd103","LEGO_External"
"lendingclub","wd1","External"
"lendistry","wd108","Careers_Join_Us"
"lennar","wd1","Lennar_Jobs"
"leonardocompany","wd3","LeonardoCareerSite"
"levistraussandco","wd5","External"
"lewisandclark","wd5","staff"
"lfb","wd3","LFB_External_Careers"
"lgeccu","wd5","LGE_External_Career_Site"
"lgi","wd5","LGI_Careers"
"lgi","wd5","lgi_careers"
"lgigroup","wd3","LGI"
"lgtcp","wd502","lgtcpcurrentvacancies"
"lhoist","wd3","Careers"
"liberty","wd5","lu_job_board_faculty"
"liberty","wd5","lu_job_board_staff"
"liberty","wd5","lu_job_board_student"
"libertyglobal","wd3","Liberty_Global_Careers"
"libertyglobal","wd3","VMIE_Careers"
"lifefitness","wd1","searchLFN"
"lifestylecommunities","wd1","Lifestyle_Communities_Careers"
"lifeworks","wd3","External"
"lifung","wd3","Meiyume"
"lifung","wd3","NeoTangent"
"linklaters","wd3","DE_Linklaters"
"linklaters","wd3","Linklaters"
"litera","wd12","Litera_Careers"
"lithia","wd5","LithiaCareers"
"lithia","wd5","PfaffCareers"
"littletongov","wd5","City_of_Littleton_External"
"livanova","wd5","Search"
"livenation","wd503","LNExternalSite"
"livenation","wd503","RNExternalSite"
"liveramp","wd5","LiveRampCareers"
"liverangewater","wd1","RangeWaterRealEstate"
"liverangewater","wd1","rangewaterrealestate"
"llbean","wd1","LLBean_Careers"
"lmcu","wd5","lmcucareersite"
"lmg","wd3","LMG"
"lmh","wd1","LMHjobs"
"lmu","wd1","Careers"
"lnw","wd5","LightWonderExternalCareers"
"loewscorp","wd1","loewscorp"
"loewshotels","wd5","loewshotels"
"loganhealth","wd1","Logan_Careers"
"logicalis","wd3","LogicalisCareers"
"logitech","wd5","Logitech"
"logsite","wd12","Surefox"
"lombardodier","wd3","Lombard_Odier_Careers"
"looprecruiting","wd1","External"
"looprecruiting","wd1","LCExternal"
"lostacos","wd503","ExternalCareers"
"lowes","wd5","LWS_External_CS"
"loyola","wd5","External"
"lozier","wd5","lozier_careers"
"lplfinancial","wd1","University"
"lseg","wd3","Careers"
"lseg","wd3","Graduate_Careers"
"lseg","wd3","Microsoft_Partnership"
"lsu","wd1","LSU"
"lucyrx","wd503","LucyRX"
"lumaenergy","wd1","university"
"lumentum","wd5","LITE"
"lumeris","wd1","LC"
"luminegrp","wd3","AxyomCore"
"luminegrp","wd3","External"
"luminegrp","wd3","Incognito"
"luminegrp","wd3","Kansys"
"luminegrp","wd3","Motive"
"luminegrp","wd3","Neural_Technologies"
"luminegrp","wd3","Quortex"
"luminegrp","wd3","Razorflow"
"luminegrp","wd3","SpatialNetworX"
"luminegrp","wd3","TMD"
"luminegrp","wd3","TOMIA"
"luminegrp","wd3","Titanium"
"luminegrp","wd3","Ubersmith"
"luminegrp","wd3","Vidispine"
"luminegrp","wd3","WDS"
"luminegrp","wd3","WideOrbit"
"luminegrp","wd3","Wiztivi"
"luminegrp","wd3","mds"
"luminegrp","wd3","motive"
"luminegrp","wd3","velocix"
"luminegrp","wd3","vidispine"
"luriechildrens","wd1","externalportal"
"luxexperience","wd103","LuxExperience_Careers"
"lvvwd","wd1","LVVWDWaterJobs"
"lyten","wd503","Lyten_EU_Career_Site"
"lyten","wd503","Lyten_External_Career_Site"
"lytx","wd1","Lytx"
"madrigalpharma","wd501","Madrigal"
"maersk","wd3","MCI_Careers"
"maersk","wd3","PT_Careers"
"magellanhealth","wd5","magellan_health_careers"
"maine","wd5","Executive"
"maine","wd5","Judicial"
"mainegeneral","wd5","MaineGeneralCareers"
"mainsailhotels","wd5","Mainsail_Property_Management"
"mangroupplc","wd3","AHL_Careers"
"mangroupplc","wd3","Man_Group_Careers"
"manulife","wd3","MFCJH_Jobs"
"marcusmillichap","wd108","MarcusMillichap"
"marianienterprises","wd501","Mariani_Careers"
"maricopa","wd1","JB_External"
"maricopa","wd1","MCSO_External"
"maricopa","wd1","MC_External"
"marinabaysands","wd102","External"
"marmon","wd501","Marmon_Careers"
"marmon","wd501","Marmon_Internships"
"marquardbahls","wd3","Advario"
"mars","wd3","External"
"marshall","wd103","Marshall_Fleet_Solutions"
"marshall","wd103","Marshall_Group"
"marshallmedical","wd1","MMC"
"marshfieldclinichealthsystems","wd5","External"
"marshfieldclinichealthsystems","wd5","Physician"
"marvell","wd1","MarvellCareers"
"marvell","wd1","MarvellCareers2"
"maryfreebed","wd12","MFB"
"marylandconnect","wd1","BSU_Careers"
"marylandconnect","wd1","CSU_Careers"
"marylandconnect","wd1","FSU_Careers"
"marylandconnect","wd1","SU_Careers"
"marylandconnect","wd1","UBaltCareers"
"marymount","wd5","Careers"
"marywashingtonhealthcare","wd5","Externalcareers"
"maschmeyer","wd12","MCC"
"masco","wd1","Brasstech"
"masco","wd1","DeltaFaucet"
"masco","wd1","EndlessPools"
"masco","wd1","MascoCanada"
"masseyservices","wd5","masseyservices"
"massgeneralbrigham","wd1","MGBExternal"
"massmutual","wd1","MMAscendCareers"
"masterbrand","wd12","Careers"
"masterbuilderssolutions","wd103","MasterBuildersSolutionsCareers"
"mastercard","wd1","CorporateCareers"
"mastercardfoundation","wd10","mastercardfdn"
"materion","wd5","Materion"
"matthey","wd3","Ext_Career_Site"
"mattioliwoods","wd3","careers"
"mattressfirm","wd1","MattressFirmCareers"
"mattressfirm","wd1","SleepExpertsCareers"
"mavenir","wd1","Mavenir_Careers"
"maxar","wd1","Vantor"
"mazarslu","wd3","Forvis_Mazars"
"mc","wd1","external"
"mccowngordon","wd1","MGC"
"mccoys","wd1","Mccoys_External_Careers"
"mcgill","wd3","McGill_Careers"
"mcgill","wd3","mcgill_careers"
"mcgillandpartners","wd3","MGP"
"mchapusa","wd5","MCHAP_External"
"mckesson","wd3","External_Careers"
"mckesson","wd3","Ontada_Careers"
"mckesson","wd3","SCRI_Careers"
"mckesson","wd3","rxsscareers"
"mcw","wd503","ExternalCareers"
"mdtkangaroo","wd108","MiniMedCareers"
"medaviehs","wd10","Blue_Cross_Life_External"
"medaviehs","wd10","External"
"medaviehs","wd10","Medavie_External"
"medifastinc","wd108","Medifast"
"medimarketgroup","wd103","MMG"
"medimpact","wd5","MedImpact"
"medivet","wd3","MedivetCareers"
"medline","wd5","Medline"
"medtronic","wd1","MedtronicCareers"
"medtronic","wd1","medtroniccareers"
"megger","wd3","MeggerCareers"
"meharrymedicalcollege","wd12","external"
"meijer","wd5","Fresh_Thyme_Stores_External_Career_Site"
"meijer","wd5","Fresh_Thyme_Support_and_Distribution_External_Career_Site"
"meijer","wd5","Meijer"
"meijer","wd5","Meijer_Market_Format"
"meijer","wd5","Meijer_Stores_Hourly"
"memorialhealthcare","wd1","MHS_Careers"
"menasha","wd12","MenashaCorp"
"meowwolf","wd1","MeowWolf"
"merative","wd12","External_Career_Site"
"merceruniversity","wd1","external"
"merceruniversity","wd1","student"
"mercyagedcare","wd105","External"
"mercycare","wd5","Mercy_Cedar_Rapids_Careers"
"merit","wd503","Merit"
"mes","wd5","Careers"
"metabo","wd3","kokicareers"
"methodisthealth","wd5","MLH"
"methodisthealthsystem","wd1","MHS_Careers"
"methodisthealthsystem","wd1","MHS_Careers_Physicians"
"metmuseum","wd5","metmuseumcareers"
"mfainc","wd503","MFA"
"mgic","wd5","MGIC"
"mgpru","wd3","mandgprudential"
"mhs","wd1","Careers"
"mica","wd5","Faculty"
"mica","wd5","Staff"
"mica","wd5","Student"
"michaels","wd5","External"
"michelinhr","wd3","Michelin"
"micron","wd1","External"
"millerknoll","wd1","MillerKnoll"
"mines","wd1","Mines_Careers"
"ministrybrands","wd1","Ministry_Brands"
"minnstate","wd115","Minnesota_State_Careers"
"missionaustralia","wd3","MissionAustralia"
"missoulacounty","wd12","MSCO"
"misterspex","wd103","Mister_Spex_Careers"
"mitel","wd3","mitelcareers"
"mitsubishichemicalgroup","wd3","MCCGroupCareers"
"mizuho","wd1","mizuhoamericas"
"mjhlifesciences","wd1","Careers"
"mksinst","wd1","MKSCareersAmericas"
"mksinst","wd1","MKSCareersAsia"
"mksinst","wd1","MKSCareersEMEA"
"mksinst","wd1","MKSCareersUniversity"
"mlse","wd3","MLSE"
"mmc","wd1","mmc"
"mnctransportation","wd503","Jobs"
"mobility","wd503","Mobility"
"modernatx","wd1","M_tx"
"modivcare","wd1","VRIModivcareCareers"
"modivcare","wd1","careers"
"modmed","wd501","ModMed12"
"modsquad","wd5","ModSquad"
"modsquad","wd5","ModSquad_Contractor"
"mohegan","wd1","Mohegan"
"mohegan","wd1","Niagara"
"monarch","wd5","Monarch"
"moneris","wd3","Moneris"
"monotype","wd1","Monotype"
"monroecountyfl","wd503","MonroeBOCC"
"monroecountyfl","wd503","MonroeClerk"
"montage","wd1","Montage_International"
"montclair","wd1","JobOpportunities"
"montefiore","wd12","Burke"
"montefiore","wd12","Highland"
"montefiore","wd12","MEAC"
"montefiore","wd12","MMC"
"montefiore","wd12","Mount_Vernon"
"montefiore","wd12","Nyack"
"montefiore","wd12","SLCH"
"montrose","wd1","MEG"
"monumenthealth","wd1","APPCareers"
"monumenthealth","wd1","Goldcareers"
"monumenthealth","wd1","JuniorCareerPage"
"monumenthealth","wd1","MHNursingCareers"
"moog","wd5","MOOG_External_Career_Site"
"moonpay","wd1","GTI"
"morningstar","wd5","Sustainalytics"
"morningstar","wd5","morningstar"
"mosaic","wd5","mosaic"
"motiva","wd1","MotivaCareers"
"motorolasolutions","wd5","Careers"
"movadogroup","wd1","Careers"
"movement","wd1","Careers"
"mpc","wd1","MPCCareers"
"mq","wd3","CareersatMQ"
"mq","wd3","CareersatMQHealth"
"mrisoftware","wd501","External_CareerSite"
"ms","wd5","External"
"msamlin","wd3","MSIGEuropeCareers"
"msh","wd503","External"
"msiexpress","wd5","MSI_Express_External_Careers"
"msigna","wd5","gbl"
"msreinsurance","wd502","MSReinsuranceCareers"
"msssecurity","wd105","MSS"
"msudenver","wd1","MSUDenver"
"mtb","wd5","Campus"
"mtb","wd5","MTB"
"mtb","wd5","WTExternal"
"mtb","wd5","wtexternal"
"mtholyoke","wd504","External"
"muellerwaterproducts","wd5","Mueller"
"multco","wd1","Multco_Interns"
"multco","wd1","Multco_Jobs"
"multco","wd1","multco_jobs"
"multimatic","wd10","MMEC"
"multimatic","wd10","TRCP"
"multitude","wd103","Careers_Multitude"
"mundipharma","wd3","External"
"mundipharma","wd3","external"
"murdoch","wd3","MurdochCareers"
"murex","wd3","MurexCareerPage1"
"muzinich","wd5","muzinichcareers"
"mwaa","wd1","MWAA"
"mwe","wd5","mplus_careers"
"mwe","wd5","mwe_careers"
"my7elevenhr","wd12","Careers"
"mycts","wd1","CTS"
"mydpr","wd5","11212017"
"myhcm","wd3","Betway_Africa"
"myhcm","wd3","digioutsource"
"myhr","wd3","PlanseeGroup_Career"
"myhrabc","wd5","Global"
"mymvw","wd5","HVOCareers"
"mymvw","wd5","MVW"
"mypath","wd115","mypathcareers"
"mypath","wd1","mypathcareers"
"myrayonieram","wd5","careers"
"myview","wd3","Choice_Properties_REIT"
"myview","wd3","Holt_Renfrew_External_Career_Site"
"myview","wd3","loblaw_careers"
"myview","wd3","sdm_careers"
"myview","wd3","weston_family_foundation"
"myworkdaycenter","wd5","Adtaxi"
"myworkdaycenter","wd5","MNG"
"myworkdaycenter","wd5","TPCO"
"nab","wd3","bnz_careers"
"nab","wd3","nab_careers"
"nabancard","wd1","NAB"
"nabancard","wd1","nab"
"naic","wd115","NAIC"
"nait","wd10","NAIT_Careers"
"namsa","wd5","NAMSA"
"nandos","wd3","Nandos"
"nandosanz","wd3","NandosANZ"
"nanfung","wd3","EL_Career"
"nanfung","wd3","NF_Career"
"nant","wd5","ImmunityBio"
"nas","wd1","NAS_Careers"
"nasdaq","wd1","Global_External_Site"
"nationalindemnity","wd5","BHHC"
"nationalindemnity","wd5","NICO"
"nationwide","wd1","Nationwide_Career"
"nationwidechildrens","wd5","NCHCareers"
"navcanada","wd10","NAV_Careers"
"navigators","wd1","External"
"nb","wd1","NBCareers"
"nb","wd1","PWM"
"nb","wd1","nbcareers"
"nbn","wd3","nbncareers"
"nc","wd108","NC_Careers"
"ncino","wd5","nCinoCareers"
"nclh","wd108","BIHL_Careers"
"nclh","wd108","GSC_Careers"
"nclh","wd108","NCLH_Careers"
"nclh","wd108","NCL_Shoreside_Careers"
"nclh","wd108","POA_Careers"
"ncr","wd1","ext_apac"
"ncr","wd1","ext_digitalfirst"
"ncr","wd1","ext_intern"
"ncr","wd1","ext_non_us"
"ncr","wd1","ext_us"
"ncratleos","wd1","ext_apacatleos"
"ncratleos","wd1","ext_atleos_us"
"ncratleos","wd1","ext_non_usalteos"
"nea","wd1","ExternalCareers"
"nebraskablue","wd1","BCBSNE"
"nebraskamed","wd5","Student_Placement"
"neighborlybrands","wd1","neighborly"
"neighborlybrands","wd1","neighbourlycareers"
"nelnet","wd1","MyNelnet"
"neogen","wd5","neogencareers"
"neosnetworks","wd3","careers"
"netcare","wd103","Netcareexternal"
"neurocrine","wd5","Neurocrinecareers"
"newbalance","wd1","Warrior_Careers"
"newbelgium","wd108","NBBCareers"
"newchartertech","wd12","ApexTechnologyManagement"
"newchartertech","wd12","BNMC"
"newchartertech","wd12","CTSI"
"newchartertech","wd12","Cyber74"
"newchartertech","wd12","DSTech"
"newchartertech","wd12","DynamicEdge"
"newchartertech","wd12","ElementTechnologies"
"newchartertech","wd12","Exbabylon"
"newchartertech","wd12","GreystoneTechnology"
"newchartertech","wd12","Kinetix"
"newchartertech","wd12","NetSourceOne"
"newchartertech","wd12","NetTech"
"newchartertech","wd12","Netropole"
"newchartertech","wd12","NewCharterTechnologies"
"newchartertech","wd12","PennCompOutsourcedIT"
"newchartertech","wd12","ProTechITSolutions"
"newchartertech","wd12","StrongholdData"
"newchartertech","wd12","activecotechnologymanagement"
"newchartertech","wd12","greystonetechnology"
"newchartertech","wd12","olmecsystems"
"newchartertech","wd12","thinkadnet"
"newday","wd3","NewDay"
"newrez","wd1","NRZ"
"newschool","wd1","External"
"nexdine","wd1","Nexdine"
"nexperia","wd3","ITEC"
"nexperia","wd3","careers"
"nexstar","wd5","nexstar"
"nextdecade","wd501","GlobalCareers"
"nextgen","wd5","NextGen_Careers"
"nghs","wd1","External"
"nglenergypartners","wd5","jobs"
"ngs","wd1","ngs_external_career_site"
"ngsgi","wd108","External"
"nidec","wd1","Nidec"
"nike","wd1","nke"
"nine","wd105","Nine_External_Career_Site"
"njit","wd108","NJIT_Careers"
"nkg","wd103","nkg"
"nngroup","wd3","WDExternal"
"noblecorp","wd1","noblecorp"
"nordic","wd1","Healthtech"
"nordic","wd1","Nordic"
"nordstrom","wd501","nordstrom_careers"
"nortekinc","wd503","NortekDCC"
"nortekinc","wd503","nortekdcc"
"northeastern","wd1","GBR_NULondonCareers"
"northeastern","wd1","careers"
"northlandpower","wd3","ExternalCS"
"northmark","wd108","NMS"
"northwest","wd1","Northwest_Careers"
"nphosting","wd5","BVTCareers"
"nphosting","wd5","CC_Careers"
"nphosting","wd5","CERICareers"
"nphosting","wd5","HHSCareers"
"nphosting","wd5","INKCareers"
"nphosting","wd5","NEMRCareers"
"nrel","wd5","NLR"
"nrf","wd3","External"
"nrpgroup","wd1","INT"
"nrpgroup","wd1","NRP"
"ntrs","wd1","northerntrust"
"ntst","wd1","Careers"
"ntta","wd108","NTTA_Careers"
"nttglobaldatacenters","wd501","External"
"ntu","wd3","Careers"
"nuecesco","wd5","External"
"nus","wd1","Academies"
"nus","wd1","careers"
"nutrabolt","wd108","Nutrabolt_Careers"
"nutraceutical","wd501","BetterBeingExternalCareerSite"
"nvent","wd5","nVent"
"nvent","wd5","nvent"
"nvidia","wd5","NVIDIAExternalCareerSite"
"nwacc","wd1","NWACC_External_Career_Site"
"nwis","wd12","NW"
"nwmissouri","wd108","External"
"nwtc","wd1","NWTC1"
"nxp","wd3","careers"
"nycsca","wd1","External_Career_Site"
"nycsca","wd1","High_School_Interns"
"nyp","wd1","GSH_Careers"
"nytimes","wd5","NYT"
"nytimes","wd5","Residency"
"nytimes","wd5","Wirecutter"
"nytimes","wd5","fellowship"
"nyuhs","wd12","nyuhscareers1"
"o9solutions","wd5","o9SolutionsExternal"
"oakgov","wd5","careers"
"oaktree","wd1","Oaktree"
"oanda","wd10","External"
"obama","wd5","Careers"
"oceanspray","wd5","OceanSprayJobs"
"ochsner","wd1","Ochsner"
"ochsner","wd1","OchsnerLSUHealthSystemNL"
"ochsner","wd1","OchsnerPhysician"
"oclc","wd1","OCLC_Careers"
"oclc","wd1","OCLC_EMEA_Careers"
"odfl","wd1","ODFL_Careers"
"ofcom","wd3","Ofcom_Careers"
"ofs","wd3","External_Career_Site"
"oh","wd3","OH"
"okgov","wd1","okgovjobs"
"olatheks","wd1","OlatheKS"
"oldmutual","wd3","Old_Mutual_Careers"
"olemiss","wd12","External__Faculty"
"olemiss","wd12","External__Staff"
"onedigital","wd5","Centro"
"onedigital","wd5","OneDigital"
"onedigital","wd504","OneDigital"
"onehealthineers","wd3","SHSJB"
"onelineage","wd1","External"
"onelinxens","wd3","External_Careers"
"oneok","wd1","ONEOK"
"oneok","wd1","ONEOK_Early_Careers"
"oneoncology","wd1","AACC"
"oneoncology","wd1","ABCS"
"oneoncology","wd1","Astera"
"oneoncology","wd1","BEACON"
"oneoncology","wd1","CCBD"
"oneoncology","wd1","CCC"
"oneoncology","wd1","CCI"
"oneoncology","wd1","CHC"
"oneoncology","wd1","COG"
"oneoncology","wd1","COS"
"oneoncology","wd1","ECHO"
"oneoncology","wd1","HOATC"
"oneoncology","wd1","LACN"
"oneoncology","wd1","LOA"
"oneoncology","wd1","MBPCC"
"oneoncology","wd1","MFCC"
"oneoncology","wd1","MOASD"
"oneoncology","wd1","NYCBS"
"oneoncology","wd1","NYH"
"oneoncology","wd1","NYI"
"oneoncology","wd1","NYOH"
"oneoncology","wd1","OneOncology"
"oneoncology","wd1","OneOncology2"
"oneoncology","wd1","PCI"
"oneoncology","wd1","RHO"
"oneoncology","wd1","SMOC"
"oneoncology","wd1","SMS"
"oneoncology","wd1","START"
"oneoncology","wd1","TNONC"
"oneoncology","wd1","TSC"
"oneoncology","wd1","UUG"
"onepoint","wd3","OnepointFR"
"onetp","wd1","Teleperformance"
"onni","wd10","CapWest_External_Careers"
"onni","wd10","Onni_External_Careers"
"ont","wd5","External"
"onvo","wd108","onvocareers"
"openlane","wd115","OPENLANE_Careers"
"openskycs","wd503","openskycareers"
"optiv","wd5","Optiv_Careers"
"optrust","wd3","OPTrust"
"ordnancesurvey","wd3","OS_Careers"
"ordnancesurvey","wd3","OS_Early_Careers"
"oregon","wd5","Boards"
"oregon","wd5","SOR_External_Career_Site"
"oregonstate","wd501","OSU_Careers_Site"
"originbank","wd1","Forth_Careers"
"orionsteel","wd5","externalcareers"
"osborn","wd504","OEC"
"osfglobal","wd5","OSF"
"oshkoshcorporation","wd5","Oshkosh"
"ossur","wd3","EmblaMedicalCareersGlobal"
"ossur","wd3","OssurCareersGlobal"
"osu","wd1","OSUCareers"
"osv-accolade","wd5","External_Careers"
"osv-bioventus","wd501","External"
"osv-cci","wd1","CCICareers"
"osv-chegg","wd5","Busuu"
"osv-chegg","wd5","Chegg"
"osv-freemason","wd5","MCYAF"
"osv-rtr","wd5","RoomToRead"
"osv-rubicon","wd5","MagniteCareers"
"osv-tifec","wd5","SportingKC"
"osv-tifec","wd5","TridentVentures"
"osv-tifec","wd5","sportingkc"
"otppb","wd3","OntarioTeachers_Careers"
"oumedicine","wd5","OUHealthCareers"
"ourhrconnect","wd501","CDS"
"ourhrconnect","wd501","CGSAdmin"
"ourhrconnect","wd501","PGBA"
"ourhrconnect","wd501","SCBlues"
"outrigger","wd5","OutriggerEnterprisesGroup"
"ovationhealthcare","wd5","ovationhealthcare"
"owens","wd1","OCC"
"owensborohealth","wd1","owensborohealth"
"owensminor","wd1","OMCareers"
"oxford","wd5","DuckHead"
"oxford","wd5","JackRogers"
"oxford","wd5","JohnnyWas"
"oxford","wd5","LillyPulitzer"
"oxford","wd5","Oxford"
"oxford","wd5","SouthernTide"
"oxford","wd5","TheBeaufortBonnetCompany"
"oxford","wd5","TommyBahamaCanada"
"oxford","wd5","TommyBahamaUS"
"oxfordcorp","wd108","Oxford_Careers"
"pace","wd1","Pace"
"pacifichospitality","wd503","PHG"
"pacificlife","wd1","UnderwriteMeCareers"
"pacificsmiles","wd105","External_PSG"
"pacs","wd108","pacs"
"palig","wd5","PALIG"
"palmbeachstate","wd1","external"
"pamunewzealand","wd105","Careers"
"papedawson","wd12","PDE"
"paper","wd3","Paper_Careers"
"paqinc","wd504","paq_careers"
"park","wd1","ParkUniversityCareers"
"parkhotelsandresorts","wd503","Careers"
"parr","wd503","PARR"
"parsons","wd5","Search"
"patagonia","wd503","PWCareers"
"path","wd1","External"
"pattersoncompanies","wd501","PDCO"
"pauliggroup","wd3","paulig"
"pbfenergy","wd1","PBF"
"pbk","wd5","PBK"
"pbv","wd503","external"
"pcg","wd1","PCG_External_Careers"
"pciservices","wd1","External"
"pcom","wd108","External"
"peak6group","wd1","WeInsure"
"peets","wd12","intelligentsia"
"pegasuslogistics","wd1","PLG"
"pennant","wd1","AllCountyHHHCareerSite"
"pennant","wd1","CMICareerSite"
"pennant","wd1","ComfortHospiceCareCareerSite"
"pennant","wd1","CornerstoneHomeHealthAndHospiceCareerSite"
"pennant","wd1","CustomCareCareerSite"
"pennant","wd1","HorizonEastHHCareerSite"
"pennant","wd1","HorizonHHCareerSite"
"pennant","wd1","HospiceofthePinesCareerSite"
"pennant","wd1","HospiceoftheSouthPlainsCareerSite"
"pennant","wd1","LexingtonALCareerSite"
"pennant","wd1","ManitoHomeHealth"
"pennant","wd1","MountainViewRetirementVillageCareerSite"
"pennant","wd1","ParkPlaceALCareerSite"
"pennant","wd1","PennantServicesCareerSite"
"pennant","wd1","SynergySharedServices"
"pennant","wd1","bigskyhhhcareersite"
"pennant","wd1","excellhomecareandhospicecareersite"
"pennant","wd1","harmonyhospicecareersite"
"pennant","wd1","signaturehceugene"
"pennant","wd1","signaturehcoregoncoast"
"pennant","wd1","signaturehcportland"
"pensacolastate","wd501","Adjunct_Faculty_Site"
"pensacolastate","wd501","PSC_Employment_Opportunities"
"pensions","wd501","BOP"
"pentair","wd5","Pentair_Careers"
"peoplecorporation","wd10","People_Corporation"
"peopleservices","wd3","External"
"peopleservices","wd3","external"
"performant","wd1","Performant"
"perkinscoie","wd115","perkinscoieexternal"
"perpetual","wd3","External"
"perpetual","wd3","JOHCM_External"
"petermillarllc","wd12","PMI"
"petstock","wd105","Petstock"
"petstock","wd105","PetstockVet"
"petvalu","wd3","External_Career_Site_Pet_Valu_Canada"
"pewtrusts","wd5","CenterExternal"
"pewtrusts","wd5","TrustsExternal"
"pfg","wd3","PFGCareers"
"pfg","wd3","QFCareers"
"pfg","wd3","WildlightCareers"
"pfizer","wd1","PfizerCareers"
"pg","wd5","1000"
"pgahq","wd1","PGAHQ"
"pgahq","wd1","pgacoachingcenter"
"pgatour","wd5","TPCExternal"
"pgatoursuperstore","wd12","PGAT_SS"
"phcgroup","wd3","Ascensia_Careers"
"phcgroup","wd3","Epredia_Careers"
"phelpshealth","wd5","Phelps"
"phfa","wd5","PHFA"
"phigroup","wd12","phihealthcareers"
"phillipsedison","wd503","PECO"
"phinia","wd5","PHINIA_Careers"
"phreesia","wd1","PhreesiaIndia"
"picknpay","wd3","PNP_Careers"
"pierrefabre","wd3","External_Career_Site"
"pillsburylaw","wd5","External"
"pimacounty","wd5","pimacareers"
"pinebridge","wd5","PineBridge_Campus_Site"
"pinebridge","wd5","PineBridge_Career_Site"
"pinecove","wd1","Pine_Cove"
"pinehurstcountryclub","wd108","pinehurstcareers"
"pipersandler","wd501","Piper_Sandler_Careers"
"pitneybowes","wd1","PBCareers"
"pjtpartners","wd1","Careers"
"pjtpartners","wd1","Studentevents"
"pjtpartners","wd1","Students"
"pladis","wd3","pladis_Careers"
"plains","wd1","plains"
"plastipak","wd1","CleanTech"
"plastipak","wd1","Plastipak"
"plastipak","wd1","Whiteline"
"plmarketing","wd12","PLM"
"plugpower","wd5","Plug_Power_Inc"
"pluralsight","wd1","Careers"
"pluxee","wd3","Pluxee_Career_Site"
"point32health","wd5","THP"
"pointquestgroup","wd108","Nyman_Careers"
"pointquestgroup","wd108","careerspointquestgroup"
"polaris","wd5","TetonJobs"
"polarsemi","wd501","Polar"
"politico","wd108","politico"
"polly","wd5","polly"
"polpharma","wd3","Polpharma"
"polpharma","wd3","Santo_Careers"
"polypipe","wd103","Careers"
"poolcorp","wd1","Horizon"
"poolcorp","wd1","POOLCORP"
"poolcorp","wd1","PinchAPenny"
"porch","wd1","careers"
"portagemutual","wd10","External_Site"
"porthouston","wd5","External_Careers"
"portlandcc","wd12","External"
"portlandgeneral","wd5","pgn"
"posti","wd3","aditro_external"
"posti","wd3","external"
"powdr","wd12","POWDR_Careers"
"powerdesigninc","wd5","PDI"
"ppdigital","wd103","iSiExternal"
"ppluk","wd3","PPL_External_Careers"
"premera","wd5","Premera"
"premierinc","wd1","External_Professional"
"prescryptive","wd503","Prescryptive_Health_External"
"pressganey","wd1","Careers"
"pretiumenterpriseservices","wd1","AnchorLoans"
"pretiumenterpriseservices","wd1","Deephaven"
"pretiumenterpriseservices","wd1","PR"
"pretiumenterpriseservices","wd1","Selene"
"pretiumenterpriseservices","wd1","livebhcareers"
"prhc","wd10","PRHC"
"prim","wd108","Primoris"
"primed","wd1","PriMed"
"primetherapeutics","wd1","PrimeTherapeuticsCareers"
"printpack","wd1","printpackcareers"
"proassurance","wd5","ProAssurance"
"procasemanagement","wd115","PCM"
"proceptbiorobotics","wd108","PROCEPT"
"progleasing","wd5","ProgLeasingCareers"
"progleasing","wd5","vivecardcareers"
"progyny","wd5","progyny"
"prologis","wd5","Prologis_External_Careers"
"promachbuilt","wd108","promach"
"proofpoint","wd5","ProofpointCareers"
"proofpoint","wd5","proofpointcareers"
"propertyguru","wd105","PropertyGuru"
"propharmagroup","wd1","ppgcareers"
"pros","wd5","PROS_Careers"
"provo","wd1","ProvoCityExternalCareerSite"
"pru","wd5","Careers"
"prudential","wd3","prudential"
"prudential","wd3","prudential_eastspring"
"prysmiangroup","wd3","Careers"
"psu","wd1","PSU_Academic"
"psu","wd1","PSU_Staff"
"ptc","wd1","PTC"
"ptcbio","wd5","PTC_Careers"
"publichealthontario","wd10","PHOCareerSite"
"publicmedia","wd1","Interns"
"publicmedia","wd1","WGBH_Careers"
"pullmanregionalhospital","wd1","Careers"
"puma","wd502","Work_at_stichd"
"pureinsurance","wd5","PURE"
"purposebrands","wd503","purposebrands"
"pvh","wd1","PVH_Careers"
"pxd","wd1","PXDCareers"
"pzcussons","wd3","CareersPZCussons"
"q2ebanking","wd5","Q2"
"q8hcm","wd3","External_KPES"
"q8hcm","wd3","External_KPIAC"
"q8hcm","wd3","External_KPNWE"
"q8hcm","wd3","External_Q8OilsItalia"
"q8hcm","wd3","External_Q8Oilsitalia"
"qantas","wd3","Jetstar_Careers"
"qantas","wd3","Qantas_Careers"
"qdusa","wd108","quantumdesigncareers"
"qiagen","wd3","QIAGEN"
"qlar","wd3","Qlar_Careers"
"qtsdatacenters","wd5","qts"
"quadreal","wd10","Parkbridge"
"quadreal","wd10","QuadReal"
"quadreal","wd10","quadreal"
"qualifacts","wd5","Qualifacts_External_Careers"
"quirchfoods","wd12","Quirch_Foods"
"qvc","wd5","QRG"
"r1rcm","wd1","R1RCM"
"rackspace","wd1","External"
"railpen","wd3","Railpen"
"rakuten","wd1","Cartera"
"rakuten","wd1","Kobo"
"rakuten","wd1","KonMari"
"rakuten","wd1","RakutenAdvertising"
"rakuten","wd1","RakutenAmericas"
"rakuten","wd1","RakutenEurope"
"rakuten","wd1","RakutenInsuranceGroup"
"rakuten","wd1","RakutenMobile"
"rakuten","wd1","RakutenRewards"
"rakuten","wd1","RakutenSymphonyJapan"
"rakuten","wd1","RakutenTV"
"rakuten","wd1","RakutenTravelXchange"
"rakuten","wd1","RakutenVikiSingapore"
"rakuten","wd1","Rakutenadvertising"
"rakuten","wd1","kobo"
"rakuten","wd1","rakuteninc"
"rakuten","wd1","rakutenmobile"
"rakuten","wd1","rakutenrewards"
"rakuten","wd1","rakutenvikisingapore"
"rand","wd5","External_Career_Site"
"rate","wd108","Certainty_Home_Lending_External"
"rate","wd108","Citywide_Home_Mortgage_External"
"rate","wd108","Guaranteed_Rate_Inc_External"
"rate","wd108","KBHS_Home_Loans_External"
"rate","wd108","OriginPoint_External"
"raymondjames","wd1","RaymondJamesCareers"
"raymondjames","wd1","RaymondJamesEarlyCareers"
"rb","wd5","FRS"
"rba","wd105","RBA_Careers"
"rbc","wd3","RBCGLOBAL1"
"rbnz","wd3","RBNZ"
"rch","wd108","Careers"
"recoveryfocus","wd3","Recovery_Focus_Careers"
"redhat","wd5","Jobs"
"redhat","wd5","jobs"
"redrobin","wd1","RedRobin_Careers"
"reed","wd3","reed_in_partnership_careers"
"regalrexnord","wd1","Careers"
"regions","wd5","Regions_Careers"
"rehmann","wd108","Rehmann_External_Career_Site"
"reidhealth","wd12","External_Careers"
"relatedgroup","wd503","relatedgroupcareers"
"relatedgroup","wd503","trgcareers"
"relationinsurance","wd5","Relation"
"relx","wd3","ElsevierJobs"
"relx","wd3","Knowable"
"relx","wd3","Law360"
"relx","wd3","LexisNexisLegal"
"relx","wd3","ReedExhibitions"
"relx","wd3","RiskSolutions"
"relx","wd3","ciriumcareers"
"relx","wd3","reedtech"
"relx","wd3","relx"
"rembrandtfoods","wd12","Rembrandt_Foods"
"remitly","wd5","Remitly_Careers"
"renishaw","wd3","Renishaw"
"repay","wd115","REPAYCareers"
"repligen","wd108","Repligen_Careers"
"repsol","wd3","Repsol"
"repsol","wd3","Sinopec"
"republic","wd5","Republic"
"reputation","wd1","External"
"resilience","wd1","Resilience_Careers"
"resmed","wd3","Brightree_External_Careers"
"resmed","wd3","ResMed_External_Careers"
"resolutionlife","wd5","resolutionlife_jobs"
"resonantclinical","wd108","external"
"revantage","wd1","BRE_Hotels_Resorts"
"revantage","wd1","Revantage"
"revelyst","wd1","EXTERNAL_REVELYST"
"rfcuny","wd108","RFCUNY"
"rhahealthservices","wd1","1"
"rhodes","wd5","Rhodes_Careers"
"rhsc","wd5","The4100Group"
"rhsc","wd5","renaissancebenefits"
"ri","wd5","RI"
"richardson","wd3","Richardson_Our_Careers"
"richmond","wd5","staff_faculty"
"richmond","wd5","student"
"riministreet","wd1","RiminiStreet"
"ringcentral","wd1","RingCentral_Careers"
"ringcentral","wd1","ringcentral_careers"
"ringling","wd1","RinglingExternalCareers"
"ringling","wd1","RinglingExternalCareersFaculty"
"ringling","wd1","RinglingStudentEmployment"
"risd","wd5","RISD"
"risepoint","wd503","Risepoint"
"ritehite","wd12","RHH"
"ritzcarltonyachtcollection","wd5","External_Career_Site"
"rivhs","wd1","ProviderRHS"
"rlservices","wd105","External_Careers"
"rmit","wd3","Job_On_Campus"
"rmit","wd3","RMIT_Careers"
"roberthalf","wd1","ProtivitiAPAC"
"roberthalf","wd1","ProtivitiExperiencedCareers"
"roberthalf","wd1","ProtivitiGraduate"
"roberthalf","wd1","ProtivitiNA"
"rochester","wd5","UR_Nursing"
"rochester","wd5","UR_Staff"
"rocket","wd5","rocket_careers"
"rockwellautomation","wd1","External_Rockwell_Automation"
"rockwoolgroup","wd3","ROCKWOOL_GroupEvergreens"
"rockymountain","wd1","RMI"
"rogersbh","wd1","RBHCareer"
"roguefitness","wd1","RogueFitness_External_Careers"
"rohlig","wd103","Rohlig_Careers"
"rollsroyce","wd3","rrpowersystems"
"rollsroyce","wd3","rrpowersystemsapprentice"
"rollsroyce","wd3","rrpowersystemsearlycareer"
"rollsroycesmr","wd103","RRSMR"
"roquette","wd3","External"
"roseman","wd108","RosemanUnivCareers"
"roskambakingcompany","wd5","Roskam_Careers"
"roswellpark","wd5","ExternalCareers"
"rothschildandco","wd3","RothschildAndCo_Lateral"
"rothschildandco","wd3","Rothschildandco_Lateral"
"royalihc","wd103","External_Career"
"rpcinc","wd1","WellControl"
"rsli","wd503","RSLIJobs"
"rsli","wd503","RelianceStandardJobs"
"rsllc","wd3","rsllc"
"rsm","wd1","RSMCareers"
"rsmaus","wd105","RSMCareers"
"ruger","wd1","External"
"rumcsi","wd5","RUMC"
"russell","wd5","russellinvestments"
"rxo","wd501","rxojobs"
"ryan","wd1","RyanCareers"
"ryan","wd1","TaxJobs"
"ryansg","wd5","Ryan_Specialty_Career_Site"
"ryder","wd5","RyderCareers"
"ryzesuperfoods","wd108","Ryze_External_Career_Site"
"s2cp","wd5","s2capital"
"saabgroup","wd116","Combitech_careers"
"sabre","wd1","SabreJobs"
"safeguardglobal","wd3","External_Careers"
"sagales","wd103","Sagales_Sitio_Carrera_Externo"
"sailpoint","wd1","SailPoint"
"saintfrancis","wd115","External"
"saintleo","wd503","SLU"
"saintlukes","wd1","saintlukeshealthcareers"
"sakatavegetables","wd502","Sakata_External_Career_Site"
"saks","wd1","careers_at_saks"
"salesforce","wd12","External_Career_Site"
"sallie-mae","wd5","Careers"
"salvationarmy","wd3","Salvos"
"salvationarmy","wd3","Volunteer"
"salvationarmyca","wd3","tsacb"
"sammonsindustrial","wd501","SIND"
"sammontana","wd103","Sammontana_Italia"
"samuelmerritt","wd1","SMUCareers"
"samuelmerritt","wd1","smucareers"
"sands","wd1","fortis_careers"
"sands","wd1","sands_careers"
"sandy","wd12","Sandy_City"
"sanger","wd103","WellcomeSangerInstitute"
"sanmanuel","wd1","SMGHANevada"
"sanofi","wd3","OpellaCareers"
"sanofi","wd3","SanofiCareers"
"santander","wd3","SantanderCareers"
"saputo","wd5","Saputo_External_Careers"
"saputo","wd5","la_paulina_career_site"
"sarasotagov","wd1","Careers"
"sarepta","wd5","sarepta_external"
"saskenergy","wd10","SaskEnergy"
"sasllc","wd1","Careers"
"sasser","wd108","Sasser"
"savista","wd1","Registry"
"savista","wd1","Savista"
"saxobank","wd3","CareeratSaxoBank"
"sbasite","wd5","SBA_Communications_Careers"
"sbcos","wd1","SBCOS2"
"sbdinc","wd1","Stanley_Black_Decker_Career_Site"
"sbmmanagement","wd108","SBM"
"scanhealthplan","wd108","homebasemedicalcareers"
"scanhealthplan","wd108","whcareers"
"scgov","wd5","SCGOV"
"scholastic","wd5","External"
"schomp","wd5","FairfieldCareer"
"schomp","wd5","FayMyersCareer"
"schomp","wd5","SchompCareer"
"schoolsfirstfcu","wd115","Careers"
"schreiberfoods","wd115","Schreiber_Careers"
"schwaebisch","wd103","logistik_sv_gruppe"
"schweigerderm","wd12","SchweigerCareers"
"schweigerderm","wd12","SchweigerProviders"
"sci","wd5","SCI"
"scj","wd5","External_Career_Site_Lifestyle_Brands"
"scmtd","wd12","METRO_Careers"
"scottsmiraclegro","wd5","SMGExternal"
"scottsmiraclegro","wd5","SMGIntern"
"scripps","wd115","Ongoing_Opportunities"
"scripps","wd115","Scripps_Careers"
"sculptor","wd12","Sculptor_External_Career_Site"
"sdguthrie","wd3","NBPOL"
"sdguthrie","wd3","SDGUTHRIEINTERNATIONAL"
"sdguthrie","wd3","SDGUTHRIEMINAMAS"
"seafrigo","wd3","External_Career_Site_Seafrigo"
"seamar","wd12","sea_mar"
"seaportdevelopmentholdings","wd501","Seaport_External_Careers"
"seattleu","wd108","SeattleUJobs"
"seaworldentertainment","wd1","SEA"
"sec","wd3","Samsung_Careers"
"securityhunter","wd501","securityhuntercareers"
"sedgwick","wd1","EFIGlobal"
"sedgwick","wd1","Sedgwick"
"sees","wd1","Sees_Candies"
"sekologistics","wd503","Seko_Logistics"
"selectmilk","wd12","SelectMilkProducers"
"selfhelp","wd108","SELF_HELP_CAREERS"
"selinc","wd1","SEL"
"sellagroup","wd3","ID01"
"semtech","wd1","SemtechCareers"
"sentara","wd1","SCS"
"sentryinsurance","wd1","SentryCareers"
"sentryinsurance","wd1","sentrycareers"
"septodont","wd103","Septodont_Careers"
"servco","wd5","Servco_Careers"
"serviceexperts","wd108","EENA"
"serviceexperts","wd108","SE"
"servicetitan","wd1","ServiceTitan"
"sevencounties","wd5","SevenCountiesCareers"
"seweurodrive","wd5","SEW"
"sfcollege","wd5","SFcareers"
"sggovterp","wd102","PublicServiceCareers"
"sharecare","wd1","Sharecare_Careers"
"shawinc","wd1","External"
"shawinc","wd1","ShawTransport"
"shawinc","wd1","SpectraCareers"
"shell","wd3","ShellCareers"
"shell","wd3","shellcareers"
"shelterinsurance","wd5","careers"
"shepherd","wd5","ShepherdCenter"
"shhotelsandresorts","wd12","SHG"
"shimano","wd3","Shimano"
"shipt","wd1","Shipt_External"
"shm","wd5","SummitHealthPhysicians"
"shm","wd5","Summit_CityMD"
"shn","wd10","SHN_External_Career_Site"
"shrinerschildrens","wd12","Shriners"
"shrinerschildrens","wd12","ShrinersCanada"
"siemensgamesa","wd3","SGRE"
"sifive","wd1","sifivecareers"
"signetjewelers","wd1","BlueNile"
"signetjewelers","wd1","Diamonds_Direct"
"signetjewelers","wd1","Jared_Jewelers"
"signetjewelers","wd1","Kay_Jewelers"
"signetjewelers","wd1","signetjeweleryretailsales"
"sih","wd5","SIH_External"
"silabs","wd1","ExperiencedJobs"
"silabs","wd1","Internships"
"silabs","wd1","NewCollegeGraduates"
"silabs","wd1","SiliconlabsCareers"
"silfex","wd503","Silfex"
"silgancontainers","wd1","silgan"
"silvercross","wd5","SilverCrossCareers"
"sim","wd3","External"
"simcorp","wd3","SimCorp_Jobs"
"simedarby","wd3","SimeCareerSite"
"simedarby","wd3","SimeMotorsAustraliaCareerSite"
"simmonsbank","wd5","SimmonsCareers"
"simons","wd10","Simons_Site"
"simonsfoundation","wd1","simonsfoundationcareers"
"simpro","wd3","Simpro_External_Careers"
"singpost","wd3","externalCareersSite"
"sjindustries","wd1","SJI"
"sju","wd1","SJU"
"sju","wd1","sju"
"skbosk","wd3","SK_on_Tennessee_External_Career_Site"
"skookum","wd1","careers"
"sky","wd3","sky_careers"
"skywardinsurance","wd12","SKY"
"skyzone","wd12","skyzone"
"slc","wd3","SLC_Careers"
"slcgov","wd1","SLC"
"sleeman","wd3","SBL"
"slihrms","wd3","Linxon"
"slihrms","wd3","careers"
"slrconsulting","wd103","SLRCareers"
"slu","wd5","Careers"
"sluhn","wd1","CollegeofHealthSciences"
"sluhn","wd1","SLPG"
"sluhn","wd1","SLUHN"
"sluhn","wd1","SLUHNAP"
"sluhn","wd1","SLUHNPhysician"
"sluhn","wd1","SLUHNVNA"
"sluhn","wd1","Student_Opportunities"
"sluhn","wd1","Training_Programs"
"smartbank","wd503","Smartbank"
"smartcare","wd5","Smart_Care"
"smiinc","wd108","smicareers"
"smithcollege","wd5","smithcollege"
"smithfieldfoods","wd1","Careers"
"smithnephew","wd5","External"
"smucker","wd5","Canada_External_Careers"
"smucker","wd5","US_External_Careers"
"snapfinance","wd1","Snap_External_Careers"
"snc","wd1","SNC_External_Career_Site"
"snc","wd1","Sierra_Space_External_Career_Site"
"solenis","wd1","Solenis"
"solera","wd5","Global_Career_Site"
"solina","wd502","Sol_ext_car"
"solutionhealth","wd1","Careers"
"som","wd5","External"
"son","wd108","NebraskaStateCareers"
"sonaca","wd103","Sonaca_Careers"
"sonder","wd1","Join_Sonder"
"sonoco","wd1","CorporateCareers"
"sonos","wd1","Sonos"
"sonos","wd1","sonos"
"sonyglobal","wd1","SonyGlobalCareers"
"sonyglobal","wd1","Sony_Europe_Careers"
"sorren","wd12","US"
"soterahealth","wd501","External"
"soti","wd3","Careers"
"sou","wd1","Southern_Oregon_University"
"southerncross","wd105","SCHS"
"southlake","wd10","Southlake"
"sovereignnetworkgroup","wd103","SNGExternal"
"sparus","wd503","spear_careers"
"specialized","wd5","Specialized_External_Career_Site"
"spectris","wd3","HBK_Careers"
"spectris","wd3","Malvern_Panalytical_Careers"
"spectris","wd3","PMS_Careers"
"spectris","wd3","Spectris_Careers"
"spectris","wd3","malvern_panalytical_careers"
"spicergroup","wd504","External"
"springernature","wd3","SpringerNatureCareers"
"sprinklr","wd1","careers"
"spscommerce","wd108","SPS"
"spw","wd3","LW_Careers"
"src","wd1","scottishriteforchildren"
"srsdistribution","wd1","GMS"
"srsdistribution","wd1","Heritage"
"srsdistribution","wd1","SRS"
"stackinfra","wd108","STACK_AMER"
"stanfordmedicine","wd115","SHC_External_Career_Site"
"starfish","wd501","FreedomRealEstate"
"starlight","wd105","Starlight_External"
"starrcompanies","wd1","careers"
"stars","wd1","Search"
"statestreet","wd1","Global"
"stelco","wd3","Stelco"
"stellamccartney","wd3","SMCExternal"
"stem","wd12","StemInc"
"stevens","wd5","External"
"stewart","wd1","External"
"stmonicatrust","wd103","External"
"stoneridge","wd5","Careers"
"storaenso","wd502","Stora_Enso_site_opportunities"
"stord","wd503","Stord_External_Career"
"storebrand","wd3","SPP_Careers"
"storebrand","wd3","Storebrand_Careers"
"stormontvail","wd1","SVH"
"strada","wd12","Careers"
"strayer","wd1","ANZ_TUA_External1"
"strayer","wd1","ANZ_Talent_Communities1"
"strayer","wd1","CAREERS"
"strayer","wd1","SEI"
"strayer","wd1","Sophia"
"strideinc","wd1","G"
"strideinc","wd1","MC"
"strideinc","wd1","SK"
"strongtie","wd1","External"
"structural","wd12","PULLMANCAREERS"
"structural","wd12","STRUCTURALCAREERS"
"structural","wd12","STRUCTURALGROUPCAREERS"
"structural","wd12","STRUCTURALTECHNOLOGIESCAREERS"
"structural","wd12","VECTORCONSTRUCTION"
"sturdymemorial","wd5","Sturdy"
"stvinc","wd5","stv"
"suddath","wd5","NXTPoint"
"suddath","wd5","Perdue"
"suddath","wd5","Phase_Integration"
"suddath","wd5","Seasonal"
"suddath","wd5","Sterling_Lexicon"
"suddath","wd5","Suddath"
"suffolkcountyny","wd1","Suffolkcounty1"
"sulzer","wd502","SulzerJobs"
"sumitomopharma","wd5","SMPA"
"summitbhc","wd1","Summit_BHC"
"sundyne","wd5","SundyneCareersSite"
"sunlife","wd3","Campus"
"sunlife","wd3","DigitalRolesOnly"
"sunlife","wd3","Experienced"
"sunlife","wd3","FullscopeRMS"
"sunlife","wd3","MaxwellHealth"
"sunlife","wd3","SLCManagement"
"sunrise","wd3","Sunrise"
"sunriseseniorliving","wd12","SUNRISE_EXT_CAREERS"
"sunrun","wd5","Sunrun_Careers"
"surbanajurong","wd3","KTP_Careers"
"surbanajurong","wd3","Prostruct_Careers"
"surbanajurong","wd3","SJ_Careers"
"surbanajurong","wd3","atelierten_careers"
"surbanajurong","wd3","bh_careers"
"surescripts","wd503","surescriptscareers"
"suse","wd3","Jobsatsuse"
"svgruppe","wd103","karriere"
"svgruppe","wd103","logistik_sued_sv_gruppe"
"svgruppe","wd103","logistik_sv_gruppe"
"svha","wd3","SVHA_SVCS"
"svha","wd3","svha_svha"
"swarovski","wd3","swarovski"
"swbc","wd1","Accounting"
"swbc","wd1","Collections"
"swbc","wd1","CollegeInternships"
"swbc","wd1","InformationTechnology"
"swbc","wd1","Investments"
"swbc","wd1","Marketing"
"swbc","wd1","Swivel"
"swbc","wd1","swbccareers"
"swbc","wd1","swbcmortgagecareers"
"swib","wd12","EXT"
"swinerton","wd1","SMC"
"swinerton","wd1","Swinerton_External_Career"
"swinerton","wd1","Timberlab"
"swinerton","wd1","timberlab"
"swisscom","wd103","SwisscomExternalCareers"
"swisscom","wd103","cablexExternalCareers"
"swisslife","wd3","Swiss_Life_Career_Site"
"swisslife","wd3","Swiss_Life_Division_France_Career_Site"
"swisslife","wd3","Swiss_Life_International_Division_Career_Site"
"syfanlogistics","wd12","Syfan"
"syneoshealth","wd12","Syneos_Health_External_Site"
"syniverse","wd1","SyniverseCareers"
"synnex","wd5","hyvecareers"
"synnex","wd5","tdsynnexcareers"
"takraf","wd103","TAKRAF_external_careers"
"talentmanagementsolution","wd3","BluestarCareer"
"talentmanagementsolution","wd3","CORA_Group"
"talentmanagementsolution","wd3","ClubCaddie"
"talentmanagementsolution","wd3","HellenicSystemsLtd_Career"
"talentmanagementsolution","wd3","JonasChorum"
"talentmanagementsolution","wd3","JonasSoftwareCanada"
"talentmanagementsolution","wd3","JonasSoftwareUK"
"talentmanagementsolution","wd3","JonasSoftwareUSA"
"talentmanagementsolution","wd3","Jonas_Chorum"
"talentmanagementsolution","wd3","MotionSoftware"
"talentmanagementsolution","wd3","RewardOPsCareer"
"talentmanagementsolution","wd3","VestaEurope"
"talentmanagementsolution","wd3","VestaLATAM"
"talentmanagementsolution","wd3","VestaOther"
"talentmanagementsolution","wd3","VestaUK"
"talentmanagementsolution","wd3","jonassoftwarecanada"
"talentmanagementsolution","wd3","uniware"
"talktalk","wd3","PXCCareers"
"talktalk","wd3","TalkTalkCareers"
"tamus","wd1","AgriLife_Extension_External"
"tamus","wd1","AgriLife_Research_External"
"tamus","wd1","ETAMU_External"
"tamus","wd1","ETAMU_Student_Employment"
"tamus","wd1","PVAMU_External"
"tamus","wd1","TAMHSC_External"
"tamus","wd1","TAMIU_External"
"tamus","wd1","TAMIU_Student_Employment"
"tamus","wd1","TAMUCC_External"
"tamus","wd1","TAMUCT_External"
"tamus","wd1","TAMUK_External"
"tamus","wd1","TAMUSA_External"
"tamus","wd1","TAMUS_External"
"tamus","wd1","TAMUT_External"
"tamus","wd1","TAMU_External"
"tamus","wd1","TDEM_External"
"tamus","wd1","TEES_External"
"tamus","wd1","TEEX_External"
"tamus","wd1","TFS_External"
"tamus","wd1","TTI_External"
"tamus","wd1","TVMDL_External"
"tamus","wd1","WTAMU_External"
"tandemdiabetes","wd12","tandemdiabetes"
"tanger","wd108","Tanger_External_CareerSite"
"tapestry","wd108","Tapestry_Careers"
"target","wd5","targetcareers"
"tarkett","wd3","TSP_Careers"
"tarkett","wd3","Tarkett_Careers"
"taskus","wd1","Careers"
"taskus","wd1","careers"
"tattarang","wd105","Tattarang"
"taxwell","wd1","taxwell"
"taylor","wd1","External"
"taylormadegolf","wd5","taylormadegolf"
"tbc","wd12","LyricCareers"
"tbinstitute","wd3","TBI"
"tcenergy","wd3","CAREER_SITE_TC"
"tcsedsystem","wd1","COLCareers"
"tcsedsystem","wd1","KHSC"
"tcsedsystem","wd1","PacificOaksCareers"
"tcsedsystem","wd1","UWS"
"td","wd3","TD_Bank_Careers"
"teachforamerica","wd1","TFA_Careers"
"tealium","wd1","Careers"
"teamwass","wd5","WassermanCareers"
"teamwass","wd5","wassermancareers"
"teasdalelatinfoods","wd5","TeasdaleLatinFoods"
"tegria","wd12","EXT"
"teladoc","wd503","teladochealth_is_hiring"
"teleperformance","wd1","allianceone"
"teliacompany","wd3","MTV_careers"
"teliacompany","wd3","Telia_careers"
"temenos","wd103","Temenoscareers"
"tempus","wd5","Tempus_Careers"
"tencent","wd1","Lightspeed"
"tencent","wd1","timi_careers"
"terega","wd3","Sitecarriereterega"
"terex","wd1","terexcareers"
"terminix","wd1","Copesan"
"terminix","wd1","RentokilNorthAmerica"
"terminix","wd1","SOLitude"
"terribleherbst","wd5","terriblescareers"
"texascapitalbank","wd12","Careers"
"thales","wd3","Careers"
"thales","wd3","careers"
"theaccessgroup","wd103","Access_Group_External_Careers"
"theapexgroup","wd3","apexgroupcareers"
"theclaremontcolleges","wd1","CMC_Staff"
"theclaremontcolleges","wd1","HMC_Careers"
"theclaremontcolleges","wd1","HMC_Careers_Executive"
"theclaremontcolleges","wd1","PIT_Staff"
"theclaremontcolleges","wd1","POM_Careers"
"theclaremontcolleges","wd1","SCR_Career_Staff"
"theclaremontcolleges","wd1","TCCS_CareersStudents"
"theglobalfund","wd1","External"
"thegymgroup","wd3","TGG_External_Career_Site"
"thehartford","wd5","Careers_External"
"theirc","wd1","External_Careers"
"thejacksonlaboratory","wd503","External_JAX"
"thekineticgroup","wd1","EXTERNAL_TKG"
"theocc","wd5","careers"
"theoutlawgroup","wd501","theoutlawgroupcareers"
"theshieldco","wd115","external_careers"
"thgrp","wd12","Envita"
"thinkbrg","wd5","BRG_External_Career_Site"
"thomsonreuters","wd5","External_Career_Site"
"thoughtspot","wd5","careers"
"thrivent","wd5","External"
"thrivent","wd5","external"
"thriveworks","wd5","Thriveworks"
"tidalwaveautospa","wd1","TWAS"
"tidelandshealth","wd12","Tidelands"
"tieto","wd3","Tieto_Careers_External_Site"
"tigerbrands","wd103","TigerBrands"
"tihinsurance","wd1","CRC_Careers"
"tihinsurance","wd1","crc_careers"
"tiketdotcom","wd3","Tiket_Careers"
"tindall","wd1","Tindall"
"tinuiti","wd12","Tinuiti"
"tjh","wd12","TJH_External_Career_Site"
"tmhcc","wd108","External"
"tmhcc","wd108","OnCallInt_External"
"tmhcc","wd108","ProAg"
"tmx","wd3","TMX_Careers"
"tnsi","wd1","Search"
"tntp","wd5","TNTP"
"tootntotum","wd1","TNT"
"topbloc","wd5","TopBloc_Careers"
"topbuild","wd501","CCI_External"
"topcon","wd1","TopconPositioningCareers"
"topgolf","wd501","TopgolfCareers"
"toppanmerrill","wd5","Toppan_Merrill"
"towerloan","wd12","Tower_Loan_Careers"
"townepark","wd5","ext"
"toyota","wd503","TMNA"
"toyota","wd503","Toyota_CA"
"trafigura","wd3","GalenaCareerSite"
"trafigura","wd3","ImpalaCareerSite"
"trafigura","wd3","Puma_Energy_Careers"
"trafigura","wd3","TrafiguraCareerSite"
"transamerica","wd5","AUK_JobSite"
"transamerica","wd5","Spain"
"transamerica","wd5","TLB"
"transamerica","wd5","US"
"transformingage","wd108","JoinUs"
"transperfect","wd5","transperfect"
"transunion","wd5","TransUnion"
"transunion","wd5","transunion"
"transurban","wd3","TU_AU"
"transurban","wd3","TU_US"
"transwestern","wd1","TWCareers"
"travelers","wd5","External"
"travelers","wd5","SimplyBusinesssExternal"
"travelex","wd107","TravelexCareers"
"travere","wd1","TravereCareers"
"travere","wd1","traverecareers"
"treehouse","wd1","TreeHouseCareers"
"trekbikes","wd1","TREK"
"trendmicro","wd3","External"
"tricentis","wd1","Tricentis_Careers"
"tricon","wd3","tricon"
"tricon","wd3","triconmf"
"trimble","wd1","TrimbleCareers"
"trimble","wd1","trimblecareers"
"trimedx","wd1","TMX"
"trintech","wd501","Trintech"
"tritechne","wd501","TriTechne_Careers"
"tritonpartners","wd3","External"
"trojanbattery","wd5","Trojan"
"troweprice","wd5","TRowePrice"
"troweprice","wd5","TRowePriceInternational"
"trueupcompanies","wd1","trueupcompanies_careers"
"truist","wd1","AFCO"
"truliantfcu","wd1","External"
"trustetc","wd503","External"
"trustmark","wd1","healthfitnesscareers"
"trwd","wd1","TRWDCareers"
"tscfl","wd12","TSC_External_Career_Site"
"tstc","wd1","TSTC_Jobs"
"tti","wd1","CDA"
"tti","wd1","TTI_Floor_Care"
"tti","wd1","TTI_PE"
"ttiemea","wd3","TTI"
"tucsonaz","wd1","Tucson_Talent"
"tutorperini","wd12","external"
"tysonfoods","wd5","CVT"
"tysonfoods","wd5","TEPI"
"tysonfoods","wd5","TSN"
"tysonfoods","wd5","TSN1"
"tysonfoods","wd5","TSN5"
"tysonfoods","wd5","TYIT"
"uakron","wd1","UACareers"
"uasys","wd5","UACCHT_External_Career_Site"
"uasys","wd5","UAF_External_Career_Site"
"uasys","wd5","UAMS_All_Careers"
"uasys","wd5","UASYS"
"ubc","wd10","ubcfacultyjobs"
"ubc","wd10","ubcstaffjobs"
"ubc","wd10","ubcstudentjob"
"ucar","wd5","UCAR_Careers"
"ucf","wd1","athletics"
"ucf","wd1","careers"
"uchicago","wd5","External"
"ucumberlands","wd1","careers"
"ufpi","wd503","ufpi"
"uhaul","wd1","UhaulJobs"
"uhyus","wd12","uhy"
"ukib","wd3","UKIB"
"ukme","wd103","UKME"
"uline","wd1","EAU_Careers"
"ulse","wd5","ulricareers"
"ulse","wd5","ulsecareers"
"ulsselu","wd503","SLU"
"ulsuno","wd1","UniversityOfNewOrleans"
"ultra","wd3","UICCareers"
"umassglobal","wd5","UMassGlobalCareers"
"umassglobal","wd5","umassglobalCareers"
"umb","wd1","UMBExternal"
"umchealthsystem","wd1","External"
"umd","wd1","UMCES"
"umd","wd1","UMES"
"umiami","wd1","UMCareerStaff"
"umiami","wd1","UMFaculty"
"ummc","wd5","UMCCareers"
"ummc","wd5","communityHospitals"
"ummh","wd1","Careers"
"umphysicians","wd1","umpcareers"
"unf","wd5","unfjobs"
"unhcr","wd3","External"
"uni","wd5","UNI"
"unilever","wd3","TMICC"
"unilever","wd3","Unilever_Early_Careers"
"unilever","wd3","Unilever_Experienced_Professionals"
"unimelb","wd105","UoM_External_Career"
"unioncollege","wd5","UnionCollegeCareers"
"uniphar","wd3","uniphar_external_careers"
"uniphore","wd503","Uniphore"
"unisys","wd5","External"
"unitedallergyservices","wd1","United_Allergy_Services"
"unitedchurchhomes","wd1","semcareers"
"unitedchurchhomes","wd1","uchcareers"
"universalproperty","wd1","UNIVERSAL_CAREERS"
"univision","wd1","External"
"univofky","wd108","UKKD"
"unum","wd1","External"
"uobgroup","wd3","UOBExternal"
"uofl","wd1","UofLCareerSite"
"uoflhealth","wd1","UofLHealthCareers"
"uottawa","wd3","uOttawa_External_Career_Site"
"upm","wd103","Careers"
"upshersmith","wd1","BoraPharmaCareers"
"uq","wd3","uqaboriginalandtorresstraitislanderpeoplesemployment"
"uq","wd3","uqcareers"
"uq","wd3","uqopportunities"
"uq","wd3","uqtitleholderopportunities"
"ur","wd1","URcareers"
"urw","wd3","urw_career_site"
"us","wd103","Tobii_Dynavox"
"us","wd103","tobii_dynavox"
"usacs","wd1","usacscareers"
"usbank","wd1","Elavon_Careers"
"usbank","wd1","US_Bank_Careers"
"usc","wd5","ExternalKeckUSCCareers"
"usc","wd5","USCAdvancementCareers"
"usertesting","wd12","UserTesting"
"usfca","wd5","USF_Adjunct"
"usfca","wd5","USF_Staff"
"usfca","wd5","USF_Students"
"usfoods","wd1","usfoodscareersExternal"
"usicinc","wd5","OnTargetCareers"
"usicinc","wd5","RECONNCareers"
"usicinc","wd5","USICCareers"
"usnh","wd5","Careers"
"usocean","wd501","USOcean"
"usuro","wd1","AMP_Career"
"usuro","wd1","COUG_Careers"
"usuro","wd1","GBU_Careers"
"usuro","wd1","NJU_Careers"
"usuro","wd1","USUrology_Careers"
"usuro","wd1","UrologyIndiana_Career"
"usuro","wd1","coug_Careers"
"usyd","wd105","USYD_EXTERNAL_CAREER_SITE"
"utahcounty","wd1","Utah_County_Careers"
"utampa","wd1","Faculty"
"utampa","wd1","Staff"
"utaustin","wd1","UTstaff"
"utaustin","wd1","UTstudent"
"uva","wd1","UVAJobs"
"uwaterloo","wd3","CUPE_5524"
"uwaterloo","wd3","uw_careers"
"vai","wd1","VAICareers"
"valeo","wd3","Spheros_jobs"
"valeo","wd3","valeo_jobs"
"valleyhealthlink","wd115","valleyhealthcareers"
"valmont","wd1","ValmontCareers"
"vanderlande","wd3","TALExternalCareers"
"vandrunenfarms","wd1","VDFCareers"
"vantagedc","wd1","Vantage"
"vanteo","wd108","External_Careers"
"vantiva","wd103","vantiva"
"vca","wd1","AntechCareers"
"vcuhealth","wd1","VCUHealth_careers"
"velco","wd12","VELCO"
"velcro","wd5","Velcro"
"velera","wd5","Primax_Careers"
"velera","wd5","VeleraCareers"
"velux","wd3","Velux_Commercial"
"velux","wd3","Velux_Residential"
"venaenergy","wd102","External"
"venator","wd3","Venator"
"ventas","wd503","Lillibridge_Careers"
"ventas","wd503","ventas_careers"
"veradigm","wd12","VR"
"verawholehealth","wd1","CareMore"
"verawholehealth","wd1","Castlight"
"verawholehealth","wd1","External"
"verawholehealth","wd1","MPG"
"verawholehealth","wd1","Vera"
"verily","wd1","Verily_Careers"
"veripark","wd103","veripark"
"veritone","wd1","Veritone_Career_Site"
"vermeer","wd5","externalcareersite"
"vermilionenergy","wd10","VEI_EXTERNAL"
"vertexinc","wd1","VertexInc"
"veteransunited","wd1","Flourish"
"vetsource","wd504","vetsource_careers"
"vetsource","wd1","vetsource_careers"
"vfc","wd5","altra_careers"
"vfc","wd5","dickies_careers"
"vfc","wd5","kipling_careers"
"vfc","wd5","smartwool_careers"
"vfc","wd5","vans_careers"
"vfc","wd5","vfc_careers"
"vhaca","wd10","Champlain"
"vhaca","wd10","VHA"
"vhr-atlantahousing","wd1","External"
"vhr-epri","wd1","epricareers"
"vhr-genband","wd1","ribboncareers"
"vhr-otsuka","wd1","Bonafide"
"vhr-otsuka","wd1","External"
"vhr-otsuka","wd1","Japan_External_Career_Site_OHD"
"vhr-otsuka","wd1","MegaFood"
"vhr-otsuka","wd1","Pharmavite"
"vhr-otsuka","wd1","RecorExternal"
"vhr-unither","wd5","External"
"vhr-wescom","wd115","WescomCareers"
"viatris","wd5","External"
"viavisolutions","wd1","careers"
"vibrant","wd5","VEH_EXTERNAL_CAREER_SITE"
"villeroyboch","wd3","careers"
"vincitgroup","wd5","Vincit_External_1"
"virainsight","wd108","Vira_Insight"
"virtua","wd1","Virtua_Health_External_Career_Site"
"virtualresource","wd103","Careers"
"virtus","wd5","KayneCareers"
"visa","wd5","Visa"
"visa","wd5","Visa_Early_Careers"
"vitalant","wd12","Careers"
"vitalant","wd12","PlasmaSourceCareers"
"vizient","wd1","Vizient_Careers"
"volarisgroup","wd3","Aislelabs"
"volarisgroup","wd3","AssetWorks"
"volarisgroup","wd3","BiblioCommons"
"volarisgroup","wd3","BravuraSecurity"
"volarisgroup","wd3","Centurisk"
"volarisgroup","wd3","ChevinFleet"
"volarisgroup","wd3","ClickDimensions"
"volarisgroup","wd3","Clickdimensions"
"volarisgroup","wd3","CompanyWatch"
"volarisgroup","wd3","Core"
"volarisgroup","wd3","Criterions"
"volarisgroup","wd3","CrossCap"
"volarisgroup","wd3","Cultura"
"volarisgroup","wd3","Dragintra"
"volarisgroup","wd3","EnvisionWare"
"volarisgroup","wd3","FunctionPoint"
"volarisgroup","wd3","Gallery"
"volarisgroup","wd3","GoAssetWorks"
"volarisgroup","wd3","GrosvenorSystems"
"volarisgroup","wd3","InTempo"
"volarisgroup","wd3","Incadea"
"volarisgroup","wd3","Intellicene"
"volarisgroup","wd3","Metafile"
"volarisgroup","wd3","ParlanceCorporation"
"volarisgroup","wd3","Primetics"
"volarisgroup","wd3","Sansio"
"volarisgroup","wd3","SparkTSL"
"volarisgroup","wd3","Squirrels"
"volarisgroup","wd3","TOPAZ"
"volarisgroup","wd3","TrapezeUK"
"volarisgroup","wd3","UniqueBusinessSystems"
"volarisgroup","wd3","Volaris"
"volarisgroup","wd3","WennSoft"
"volarisgroup","wd3","Windward"
"volarisgroup","wd3","WynneNA"
"volarisgroup","wd3","chevinfleet"
"volarisgroup","wd3","dragintra"
"volarisgroup","wd3","equivant"
"volarisgroup","wd3","medaptus"
"volarisgroup","wd3","parlancecorporation"
"volarisgroup","wd3","squirrels"
"vroom","wd5","uacc"
"vrtx","wd501","Vertex_Careers"
"vrtx","wd501","Vertex_intern"
"vrtx","wd501","vertex_careers"
"vsp","wd1","DoctorCareers"
"vsp","wd1","VSPVisionCareers"
"vst","wd5","txu_careers"
"vumc","wd1","vumccareers"
"vwr","wd1","avantorJobs"
"vystarcu","wd1","Careers"
"wacounty","wd12","Careers"
"walbecgroup","wd501","WalbecGroup"
"walbecgroup","wd501","WalbecGroupField"
"walkerdunlop","wd1","WD"
"walmart","wd5","WalmartExternal"
"wannamakermc","wd501","Wannamaker"
"warnerbros","wd5","global"
"washpost","wd5","washingtonpostcareers"
"wasteconnections","wd1","Careers"
"wastequip","wd108","External_Careers_No_Job_Boards"
"wastequip","wd108","Wastequip_Careers"
"wattswater","wd5","External"
"waukeshacounty","wd12","Careers"
"waverlyhealthcenter","wd12","WHC"
"waynefarms","wd1","WayneFarms"
"waynestatephysicians","wd1","WayneStatePhysiciansCareers"
"waynestatephysicians","wd1","physicians"
"wcap","wd10","Whitecap_Careers"
"wcbalberta","wd10","wcbalbertacareers"
"wealthenhancement","wd1","WEG_Careers"
"weareeverise","wd1","EveriseCareers"
"web","wd1","DN1"
"web","wd1","ExternalCareerSite"
"web","wd1","externalcareersite"
"webcor","wd503","webcor"
"webcotube","wd12","OGI"
"webcotube","wd12","Webco"
"weber","wd115","WB"
"weforum","wd3","Forum_Careers"
"weg","wd501","Careers"
"wegmans","wd1","Wegmans"
"weil","wd1","work_at_weil"
"weir","wd3","Weir_External_Careers"
"weldgov","wd5","WeldCountyCareers"
"weleda","wd3","weleda_jobs"
"wellcome","wd3","Wellcome"
"wellington","wd5","Campus"
"wellington","wd5","External"
"werner","wd501","ECM"
"werner","wd501","Werner"
"wesleyan","wd5","careers"
"westernalliancebank","wd5","AMH"
"westernalliancebank","wd5","WAB"
"westernexp","wd5","WSX"
"westernunion","wd5","WesternUnionJobs"
"wework","wd1","WeWork"
"wework","wd1","commondesk"
"wexinc","wd5","WEXInc"
"wfu","wd1","Faculty_Career_Website_live"
"wfu","wd1","Staff_Career_Website_live"
"wgl","wd5","AltaGas"
"wgu","wd5","External"
"wheels","wd5","Wheels_Careers"
"wholefoods","wd5","wholefoods"
"williammary","wd12","WM"
"williams","wd5","External"
"williams","wd5","PowerExternal"
"williams","wd5","external"
"wilsonart","wd5","Wilsonart_Careers"
"winlandfoods","wd1","External"
"wintrust","wd1","CASearch"
"wintrust","wd1","Search"
"wisconsin","wd1","UW_Comprehensives"
"wisconsin","wd1","UW_Milwaukee"
"wisconsin","wd1","UW_Students"
"wisk","wd108","Wisk_Careers"
"withum","wd108","CR_Career_Site"
"withum","wd108","Withum_Careers_Page"
"wje","wd1","Careers"
"wk","wd3","External"
"wk","wd3","external"
"wlu","wd5","WLUCareers"
"wmeimg","wd1","160over90US"
"wmeimg","wd1","ENDEAVOREARLYCAREERS"
"wmeimg","wd1","WME"
"wmeimg","wd1","WMEGRP"
"wmg","wd1","WMGGLOBAL"
"wmg","wd1","WMGUS"
"wofford","wd5","Wofford"
"wolseleyuk","wd3","Wolseley"
"wonder","wd1","Grubhub_Careers"
"wonder","wd1","WG"
"wonderbox","wd3","WONDERBOX_GROUP_CAREERS"
"woodmac","wd3","woodmaccareers"
"woodruffcenter","wd5","woodruffcenter"
"woodward","wd5","woodward"
"workday","wd5","Workday"
"workday","wd5","Workday_Early_Career"
"workwear","wd503","Careers"
"worldacceptance","wd12","World_Finance"
"worldmarket","wd5","cost_plus_world_market_jobs"
"worldvision","wd1","WorldVisionInternational"
"worldwide","wd1","External"
"woundedwarriorproject","wd5","WWP"
"wow","wd503","wowcareers"
"wpengine","wd1","WP_Engine"
"wpi","wd5","WPI_External_Career_Site"
"wsc","wd1","WSC"
"wsc","wd1","WTS"
"wsecu","wd5","WSECU"
"wsfsbank","wd1","bmtcareers"
"wsfsbank","wd1","wsfscareers"
"wsu","wd5","WSU_Jobs"
"wth","wd501","WTH"
"wto","wd103","External"
"wustl","wd1","External"
"wvumedicine","wd1","ASH"
"wvumedicine","wd1","PEAK"
"wvumedicine","wd1","UHA"
"wvumedicine","wd1","WVUH"
"ww","wd1","careers"
"wwecorp","wd5","IMG"
"wwecorp","wd5","On_Location"
"wwecorp","wd5","PBR"
"wwecorp","wd5","TKO"
"wwecorp","wd5","zuffaboxing"
"wyandotmemorial","wd1","WMH_Careers"
"wycliffe","wd1","SIL_Careers"
"wycliffe","wd1","UKD_Employees"
"wycliffe","wd1","WUSA_Paid_Staff"
"wycliffe","wd1","sil_careers"
"wycokck","wd1","RECExternalCareers"
"wynd","wd5","External"
"xavier","wd108","XavierCareers"
"xboxgaming","wd1","CentralTech"
"xignux","wd108","Qualtia"
"xignux","wd108","Viakable"
"xignux","wd108","Xignuxcorp"
"xrevextendicare","wd10","talemetry_external"
"xstar","wd102","External"
"yai","wd5","Careers"
"yakimacounty","wd5","YakimaCountyWA"
"yanolja","wd102","External_Yanolja"
"yearup","wd503","YearUp"
"yeticoolers","wd5","YETI"
"yle","wd502","External"
"younglife","wd5","YoungLife_Careers"
"youthvillages","wd1","youthvillagescareers"
"zebra","wd501","Zebra_careers"
"zelis","wd1","ZelisCareers"
"zendesk","wd1","zendesk"
"zentiva","wd3","Zentiva"
"zepinc","wd503","zepinccareers"
"zeppelin","wd3","careers"
"zieglercat","wd1","zieglercat"
"zillow","wd5","Zillow_Group_External"
"zillow","wd5","zillow_group_external"
"zoetis","wd5","zoetis_intern"
"zoom","wd5","Zoom"
"zrsmanagement","wd5","ZRS_Careers"
